FISHID,TOWID,PERIOD,TOWDATE,STRAT,LAT,LON,SEASON,SEX,MATURITY,LENGTH,OTO_WT,A1,A2,AGE
2350_237_2,2350_237,IBS1,12/03/03,STELL,42.91705,-70.59816667,WINTER,M,R,56,0.5206,3.26,5.21,5
2350_251_5,2350_251,IBS1,11/25/03,MBAY,42.84761667,-70.39605,WINTER,F,R,87,0.6583,2.77,4.45,6
2350_253_1,2350_253,IBS1,11/25/03,WME,42.82728333,-70.57326667,WINTER,F,R,68,0.4839,3.24,5.24,4
2350_253_4,2350_253,IBS1,11/25/03,WGOM,42.82728333,-70.57326667,WINTER,M,U,84,0.7238,2.38,3.73,6
2350_260_4,2350_260,IBS1,11/25/03,WGOM,42.83271667,-70.46688333,WINTER,F,R,84,0.8026,2.09,5.23,5
2350_269_5,2350_269,IBS1,11/26/03,WGOM,42.7714,-70.52075,WINTER,F,R,88,0.6994,2.83,4.71,5
2350_285_4,2350_285,IBS1,11/26/03,WGOM,42.73473333,-70.52323333,WINTER,M,R,71,0.5428,3.25,5.06,4
2350_31_1,2350_31,IBS1,12/28/03,MBAY,44.2985,-68.16575,WINTER,M,R,72,0.5005,2.86,4.33,4
2350_32_1,2350_32,IBS1,12/28/03,CCB,44.30463333,-68.04685,WINTER,M,R,67,0.5542,2.93,4.74,4
2350_328_4,2350_328,IBS1,12/04/03,CCB,42.43283333,-70.44333333,WINTER,M,R,71,0.6181,3.04,5.12,5
2350_332_10,2350_332,IBS1,12/04/03,GSC,42.4195,-70.37983333,WINTER,M,R,67,0.4536,2.96,5.19,4
2350_332_3,2350_332,IBS1,12/04/03,CCB,42.4195,-70.37983333,WINTER,M,R,65,0.4513,3.07,4.86,4
2350_334_1,2350_334,IBS1,12/03/03,GSC,42.38401667,-70.71601667,WINTER,M,R,88,0.6082,2.82,5.45,5
2350_334_11,2350_334,IBS1,12/03/03,GSC,42.38401667,-70.71601667,WINTER,F,R,90,0.6283,2.8,5.42,5
2350_369_9,2350_369,IBS1,12/10/03,EME,42.12183333,-70.49033333,WINTER,F,R,86,0.701,2.9,5.09,5
2350_376_19,2350_376,IBS1,12/13/03,IBAY,42.07683333,-70.51933333,WINTER,F,R,100,0.9982,2.89,5.6,6
2350_376_22,2350_376,IBS1,12/13/03,IBAY,42.07683333,-70.51933333,WINTER,F,R,102,0.9132,2.58,4.77,7
2350_376_24,2350_376,IBS1,12/13/03,IBAY,42.07683333,-70.51933333,WINTER,F,R,110,1.134,2.83,5,8
2350_376_9,2350_376,IBS1,12/13/03,IBAY,42.07683333,-70.51933333,WINTER,M,R,90,0.7188,2.55,4.75,7
2350_392_1,2350_392,IBS1,12/29/03,MBAY,41.87668333,-69.82861667,WINTER,M,U,70,0.4801,3.47,5.17,4
2350_404_4,2350_404,IBS1,12/22/03,MBAY,41.61868333,-69.51698333,WINTER,M,U,69,0.5462,3.36,5.36,4
2350_59_1,2350_59,IBS1,12/22/03,MBAY,44.03031667,-67.88883333,WINTER,M,R,56,0.299,2.84,5.74,2
2455_167_2,2455_167,IBS1,01/18/04,GSC,43.41758333,-70.28773333,WINTER,NA,R,58,0.4013,2.9,4.18,5
2455_167_3,2455_167,IBS1,01/18/04,GSC,43.41758333,-70.28773333,WINTER,NA,U,65,0.4498,2.55,4.79,5
2455_220_1,2455_220,IBS1,02/01/04,JEFF,43.1114,-69.61298333,WINTER,M,R,49,0.3291,2.75,4.51,5
2455_399_1,2455_399,IBS1,02/10/04,MBAY,41.78641667,-69.83061667,WINTER,F,R,51,0.2809,1.49,3.41,4
2456_138_1,2456_138,IBS1,03/04/04,MBAY,43.58015,-69.9598,WINTER,F,R,68,0.5396,2.99,5.02,4
2456_138_2,2456_138,IBS1,03/04/04,STELL,43.58015,-69.9598,WINTER,M,U,73,0.6805,3.19,5.09,7
2456_138_3,2456_138,IBS1,03/04/04,STELL,43.58015,-69.9598,WINTER,F,R,60,0.2059,2.52,4.87,4
2456_308_7,2456_308,IBS1,03/05/04,STELL,42.57843333,-70.43168333,WINTER,M,U,47,0.3841,2.49,3.97,6
2456_401_1,2456_401,IBS1,02/28/04,JEFF,41.74163333,-69.72545,WINTER,F,U,87,0.6154,3.56,6.01,5
2456_75_1,2456_75,IBS1,02/29/04,MBAY,43.85645,-69.0587,WINTER,M,U,32,0.1115,3.07,4.67,2
2456_75_2,2456_75,IBS1,02/29/04,GSC,43.85645,-69.0587,WINTER,M,U,38,0.1538,3.22,5.27,2
2457_227_2,2457_227,IBS1,04/17/04,MBAY,43.06915,-69.0797,SPRING,M,R,40,0.178,3.38,5.17,2
2457_25_1,2457_25,IBS1,04/06/04,MBAY,44.33781667,-67.7141,SPRING,M,U,74,0.4619,3.12,4.18,5
2457_253_2,2457_253,IBS1,04/04/04,MBAY,42.82556667,-70.61266667,SPRING,M,R,53,0.3075,3.01,5.02,3
2457_253_3,2457_253,IBS1,04/04/04,STELL,42.82556667,-70.61266667,SPRING,M,U,95,0.8706,2.31,4.68,8
2457_253_5,2457_253,IBS1,04/04/04,STELL,42.82556667,-70.61266667,SPRING,M,U,46,0.2676,2.59,4.84,3
2457_263_2,2457_263,IBS1,04/04/04,STELL,42.81883333,-70.57011667,SPRING,F,R,73,0.6256,3.42,6.43,5
2457_284_1,2457_284,IBS1,04/04/04,WGOM,42.7465,-70.56215,SPRING,M,R,60,0.5085,2.15,4.68,5
2457_319_2,2457_319,IBS1,04/12/04,WGOM,42.52136667,-70.63063333,SPRING,M,U,97,0.9788,2.76,5.44,8
2457_323_4,2457_323,IBS1,04/12/04,PLATTS,42.4649,-70.63795,SPRING,M,R,62,0.4596,2.61,4.65,5
2457_329_17,2457_329,IBS1,04/12/04,WGOM,42.4159,-70.6644,SPRING,M,R,92,0.9617,2.92,4.75,9
2457_329_18,2457_329,IBS1,04/12/04,WGOM,42.4159,-70.6644,SPRING,F,R,96,0.8811,1.68,4.05,7
2457_329_3,2457_329,IBS1,04/12/04,PLATTS,42.4159,-70.6644,SPRING,F,R,90,0.7229,2.94,5.04,6
2457_332_5,2457_332,IBS1,04/17/04,WGOM,42.42493333,-70.38056667,SPRING,M,U,55,0.3263,2.85,5.9,3
2457_333_11,2457_333,IBS1,04/21/04,OFF,42.41688333,-70.84,SPRING,M,R,67,0.6939,1.84,3.95,8
2457_333_13,2457_333,IBS1,04/21/04,CASHES,42.41688333,-70.84,SPRING,M,R,75,0.7687,1.23,3.88,7
2457_333_15,2457_333,IBS1,04/21/04,CASHES,42.41688333,-70.84,SPRING,M,U,72,0.5604,2.8,5.84,5
2457_333_3,2457_333,IBS1,04/21/04,CASHES,42.41688333,-70.84,SPRING,M,R,56,0.3257,1.68,4.54,4
2457_333_5,2457_333,IBS1,04/21/04,CASHES,42.41688333,-70.84,SPRING,F,R,58,0.4266,2.16,4.04,5
2457_333_6,2457_333,IBS1,04/21/04,CASHES,42.41688333,-70.84,SPRING,M,R,60,0.534,2.08,4.93,6
2457_333_7,2457_333,IBS1,04/21/04,CASHES,42.41688333,-70.84,SPRING,M,U,69,0.5299,1.77,4.48,5
2457_334_2,2457_334,IBS1,04/21/04,OFF,42.37613333,-70.7125,SPRING,M,R,58,0.5577,1.97,4.47,6
2457_375_2,2457_375,IBS1,04/18/04,WGOM,42.07938333,-69.9783,SPRING,M,U,42,0.2195,2.11,3.89,3
2457_399_1,2457_399,IBS1,04/19/04,WGOM,41.77675,-69.8232,SPRING,M,U,97,1.0087,2.53,3.93,7
2457_399_13,2457_399,IBS1,04/19/04,WGOM,41.77675,-69.8232,SPRING,M,U,51,0.2853,2.19,4.35,3
2457_399_4,2457_399,IBS1,04/19/04,WGOM,41.77675,-69.8232,SPRING,M,U,57,0.3595,2.14,5.51,3
2457_401_4,2457_401,IBS1,04/19/04,JEFF,41.72511667,-69.71231667,SPRING,M,U,48,0.2708,1.47,4.89,3
2457_42_1,2457_42,IBS1,04/07/04,WGOM,44.24323333,-67.79583333,SPRING,M,R,46,0.2005,2.78,4.82,3
2458_158_11,2458_158,IBS1,05/20/04,STELL,43.4564,-70.10363333,SPRING,F,R,57,0.4351,1.92,4.66,5
2458_158_12,2458_158,IBS1,05/20/04,STELL,43.4564,-70.10363333,SPRING,F,R,123,1.6231,2.33,4.42,12
2458_158_13,2458_158,IBS1,05/20/04,STELL,43.4564,-70.10363333,SPRING,M,R,48,0.2634,1.53,2.33,4
2458_158_16,2458_158,IBS1,05/20/04,STELL,43.4564,-70.10363333,SPRING,M,R,72,0.6752,2.01,3.92,6
2458_158_2,2458_158,IBS1,05/20/04,GSC,43.4564,-70.10363333,SPRING,M,R,64,0.5046,1.65,4.73,5
2458_158_3,2458_158,IBS1,05/20/04,GSC,43.4564,-70.10363333,SPRING,M,R,81,0.6048,2.22,4.37,6
2458_158_6,2458_158,IBS1,05/20/04,STELL,43.4564,-70.10363333,SPRING,M,R,93,0.9033,1.96,4.28,8
2458_182_5,2458_182,IBS1,05/09/04,WGOM,43.34375,-70.11095,SPRING,M,U,54,0.453,2.32,3.76,6
2458_188_3,2458_188,IBS1,05/10/04,WGOM,43.32506667,-70.18258333,SPRING,M,U,71,0.5717,1.88,4.35,5
2458_188_5,2458_188,IBS1,05/10/04,WGOM,43.32506667,-70.18258333,SPRING,M,U,48,0.2589,1.93,3.89,3
2458_191_2,2458_191,IBS1,05/09/04,WGOM,43.34656667,-70.1602,SPRING,M,R,47,0.2765,2.16,5.16,3
2458_196_8,2458_196,IBS1,05/10/04,WGOM,43.29796667,-70.18803333,SPRING,M,U,41,0.2041,1.63,4.72,3
2458_210_2,2458_210,IBS1,05/12/04,EME,43.16708333,-70.30871667,SPRING,M,R,68,0.5498,1.74,4.21,7
2458_218_1,2458_218,IBS1,05/12/04,IBAY,43.11063333,-70.32923333,SPRING,M,U,70,0.5825,1.87,4.49,6
2458_231_1,2458_231,IBS1,04/30/04,WGOM,42.98438333,-70.50623333,SPRING,M,R,71,0.6145,2.26,5,5
2458_231_2,2458_231,IBS1,04/30/04,WGOM,42.98438333,-70.50623333,SPRING,M,U,67,0.6695,2.16,4.4,7
2458_237_8,2458_237,IBS1,05/14/04,PLATTS,42.90461667,-70.61788333,SPRING,F,R,53,0.4251,1.6,3.17,6
2458_250_13,2458_250,IBS1,05/09/04,WGOM,42.85888333,-70.25616667,SPRING,M,R,67,0.5413,2.78,4.99,5
2458_253_15,2458_253,IBS1,04/29/04,IBAY,42.82196667,-70.55361667,SPRING,M,R,39,0.1877,1.54,4.31,3
2458_253_20,2458_253,IBS1,04/29/04,IBAY,42.82196667,-70.55361667,SPRING,M,R,91,0.7776,2.57,4.44,5
2458_255_8,2458_255,IBS1,04/30/04,WGOM,42.79405,-70.33823333,SPRING,M,R,70,0.8161,1.89,4.02,8
2458_265_10,2458_265,IBS1,05/05/04,OFF,42.82771667,-70.1612,SPRING,M,R,103,0.9868,1.76,4.63,9
2458_281_3,2458_281,IBS1,05/05/04,WGOM,42.72636667,-70.21183333,SPRING,M,R,82,0.6812,2.11,4.71,6
2458_288_3,2458_288,IBS1,05/05/04,OFF,42.71371667,-70.19541667,SPRING,M,R,43,0.2291,1.34,4.82,3
2458_293_10,2458_293,IBS1,04/27/04,JEFF,42.66786667,-70.42903333,SPRING,M,R,65,0.3926,2.28,4.32,7
2458_293_14,2458_293,IBS1,04/27/04,IBAY,42.66786667,-70.42903333,SPRING,M,R,60,0.4159,3.41,4.94,5
2458_303_1,2458_303,IBS1,04/27/04,WGOM,42.61391667,-70.45028333,SPRING,M,U,88,0.7908,1.83,4.17,8
2458_303_14,2458_303,IBS1,04/27/04,STELL,42.61391667,-70.45028333,SPRING,M,U,65,0.4308,1.74,4.5,5
2458_303_5,2458_303,IBS1,04/27/04,OFF,42.61391667,-70.45028333,SPRING,M,R,76,0.6196,2.36,4.94,5
2458_303_8,2458_303,IBS1,04/27/04,STELL,42.61391667,-70.45028333,SPRING,M,R,96,0.8593,2.22,5.37,8
2458_305_2,2458_305,IBS1,05/05/04,STELL,42.60245,-70.11835,SPRING,M,R,53,0.4378,2.74,4.56,5
2458_308_2,2458_308,IBS1,04/27/04,STELL,42.5626,-70.42006667,SPRING,M,R,71,0.5792,1.86,5.37,5
2458_314_1,2458_314,IBS1,05/08/04,STELL,42.5256,-70.70673333,SPRING,M,R,82,0.943,1.68,4.97,6
2458_314_11,2458_314,IBS1,05/08/04,WGOM,42.5256,-70.70673333,SPRING,M,U,105,1.0275,2.09,3.67,12
2458_314_16,2458_314,IBS1,05/08/04,WGOM,42.5256,-70.70673333,SPRING,M,R,93,1.0845,1.57,2.47,12
2458_314_2,2458_314,IBS1,05/08/04,STELL,42.5256,-70.70673333,SPRING,M,R,90,0.8183,1.97,5.43,6
2458_314_3,2458_314,IBS1,05/08/04,STELL,42.5256,-70.70673333,SPRING,M,R,54,0.3525,1.75,3.2,4
2458_314_6,2458_314,IBS1,05/08/04,MBAY,42.5256,-70.70673333,SPRING,M,U,61,0.6424,2.32,4.95,7
2458_314_8,2458_314,IBS1,05/08/04,MBAY,42.5256,-70.70673333,SPRING,M,U,86,0.7175,1.54,4.67,6
2458_318_16,2458_318,IBS1,05/17/04,STELL,42.52408333,-70.1174,SPRING,F,R,96,0.7986,2.62,5.26,7
2458_319_10,2458_319,IBS1,05/13/04,GSC,42.51636667,-70.63631667,SPRING,M,R,78,0.7071,1.68,4.26,6
2458_319_15,2458_319,IBS1,05/13/04,MBAY,42.51636667,-70.63631667,SPRING,M,R,100,0.7787,2.14,4.59,7
2458_319_8,2458_319,IBS1,05/13/04,GSC,42.51636667,-70.63631667,SPRING,M,R,81,0.6434,1.75,3.84,6
2458_333_13,2458_333,IBS1,05/08/04,IBAY,42.4201,-70.8424,SPRING,M,U,68,0.6838,1.93,3.96,7
2458_333_4,2458_333,IBS1,05/08/04,JEFF,42.4201,-70.8424,SPRING,M,R,62,0.4926,1.68,4.48,7
2458_334_3,2458_334,IBS1,05/13/04,IBAY,42.37623333,-70.70648333,SPRING,M,R,60,0.4584,1.96,2.88,7
2458_375_7,2458_375,IBS1,05/12/04,WGOM,42.0702,-69.97375,SPRING,M,R,52,0.3218,2.26,5.12,3
2458_399_1,2458_399,IBS1,05/11/04,PLATTS,41.7758,-69.82331667,SPRING,M,R,48,0.2769,2.58,5.01,3
2458_83_2,2458_83,IBS1,05/16/04,WGOM,43.8031,-69.49353333,SPRING,M,R,79,0.5966,2.41,5.36,5
2458_83_4,2458_83,IBS1,05/16/04,GSC,43.8031,-69.49353333,SPRING,M,U,58,0.3862,2.19,4.43,4
2458_83_6,2458_83,IBS1,05/16/04,GSC,43.8031,-69.49353333,SPRING,M,R,49,0.2841,2.6,4.67,3
2465_149_1,2465_149,IBS1,12/12/04,PLATTS,43.49966667,-70.11161667,WINTER,M,R,72,0.59,2.65,4.64,5
2465_221_18,2465_221,IBS1,11/20/04,WGOM,43.12235,-70.07255,WINTER,F,R,72,0.698,1.95,4.81,5
2465_246_24,2465_246,IBS1,11/17/04,WGOM,42.87185,-70.3568,WINTER,M,R,47,0.2333,3.11,5.07,2
2465_250_17,2465_250,IBS1,11/17/04,JEFF,42.86976667,-70.26376667,WINTER,F,R,84,0.7213,3.43,5.45,5
2465_250_22,2465_250,IBS1,11/17/04,WGOM,42.86976667,-70.26376667,WINTER,F,R,81,0.6017,3.12,4.92,4
2465_250_28,2465_250,IBS1,11/17/04,WGOM,42.86976667,-70.26376667,WINTER,M,R,79,0.7066,2.46,5.11,5
2465_250_3,2465_250,IBS1,11/17/04,MBAY,42.86976667,-70.26376667,WINTER,F,R,81,0.7064,2.43,4.04,5
2465_250_4,2465_250,IBS1,11/17/04,MBAY,42.86976667,-70.26376667,WINTER,F,R,61,0.4025,2.78,5.56,3
2465_250_40,2465_250,IBS1,11/17/04,WME,42.86976667,-70.26376667,WINTER,F,R,88,0.7068,1.89,4.9,5
2465_250_6,2465_250,IBS1,11/17/04,MBAY,42.86976667,-70.26376667,WINTER,F,R,51,0.3369,2.55,4.85,3
2465_256_3,2465_256,IBS1,12/03/04,MBAY,42.83816667,-70.165,WINTER,F,R,93,0.7842,2.72,5.2,5
2465_260_7,2465_260,IBS1,11/16/04,OFF,42.81498333,-70.45521667,WINTER,F,R,101,1.1486,2.8,5.05,8
2465_274_11,2465_274,IBS1,11/16/04,WGOM,42.75776667,-70.35793333,WINTER,M,U,71,0.5786,2.32,3.96,7
2465_274_28,2465_274,IBS1,11/16/04,WGOM,42.75776667,-70.35793333,WINTER,F,R,75,0.6856,2.99,5.29,4
2465_293_1,2465_293,IBS1,11/16/04,WGOM,42.66658333,-70.4279,WINTER,F,R,59,0.5858,3.68,4.95,6
2465_301_13,2465_301,IBS1,11/16/04,MBAY,42.62848333,-70.42843333,WINTER,M,R,53,0.497,2.53,4.29,5
2465_332_1,2465_332,IBS1,11/17/04,MBAY,42.42271667,-70.3999,WINTER,M,U,70,0.4905,3.11,5.72,3
2465_333_13,2465_333,IBS1,11/16/04,JEFF,42.41996667,-70.81693333,WINTER,M,R,89,0.7719,3.34,5.12,5
2465_368_5,2465_368,IBS1,11/21/04,IBAY,42.12265,-70.56551667,WINTER,M,R,61,0.4364,2.31,3.7,3
2465_372_12,2465_372,IBS1,11/21/04,CASHES,42.09253333,-70.56966667,WINTER,M,R,70,0.5291,2.77,4.94,4
2465_376_40,2465_376,IBS1,11/22/04,MBAY,42.07608333,-70.53053333,WINTER,M,R,86,0.7239,3.57,5.63,5
2465_379_13,2465_379,IBS1,11/22/04,STELL,42.04326667,-70.56221667,WINTER,M,R,51,0.5182,2.44,4.32,7
2465_414_1,2465_414,IBS1,12/30/04,WGOM,43.01588333,-68.94695,WINTER,M,R,86,0.7805,2.77,4.98,6
2561_170_1,2561_170,IBS1,01/15/05,WME,43.41618333,-70.24663333,WINTER,F,R,65,0.4166,2.22,3.66,6
2561_25_1,2561_25,IBS1,01/31/05,WGOM,44.33506667,-67.69371667,WINTER,M,U,57,0.2399,2.91,5.33,3
2561_256_62,2561_256,IBS1,01/08/05,MBAY,42.85343333,-70.15665,WINTER,M,R,77,0.6594,3.2,4.84,7
2561_256_63,2561_256,IBS1,01/08/05,MBAY,42.85343333,-70.15665,WINTER,F,R,52,0.3532,2.31,4.77,4
2561_262_5,2561_262,IBS1,01/05/05,MBAY,42.81833333,-70.35243333,WINTER,M,U,52,0.3535,3.37,5.02,5
2561_274_5,2561_274,IBS1,01/04/05,PLATTS,42.77195,-70.35575,WINTER,F,R,89,0.6843,2.89,5.92,6
2561_314_28,2561_314,IBS1,01/05/05,MBAY,42.51748333,-70.71663333,WINTER,M,R,52,0.522,2.21,4.43,6
2561_314_46,2561_314,IBS1,01/05/05,MBAY,42.51748333,-70.71663333,WINTER,M,R,69,0.5593,2.91,5,7
2561_314_51,2561_314,IBS1,01/05/05,MBAY,42.51748333,-70.71663333,WINTER,M,R,66,0.4599,2.64,4.79,6
2561_315_11,2561_315,IBS1,01/05/05,MBAY,42.53226667,-70.55955,WINTER,M,R,53,0.4422,2.55,4.22,6
2561_316_8,2561_316,IBS1,01/05/05,STELL,42.5205,-70.42103333,WINTER,M,R,51,0.2904,2.5,4.67,3
2561_327_2,2561_327,IBS1,01/08/05,MBAY,42.4248,-70.72245,WINTER,M,R,70,0.5433,2.47,5.06,6
2561_327_23,2561_327,IBS1,01/08/05,GSC,42.4248,-70.72245,WINTER,M,R,67,0.6408,3.08,5.3,6
2561_327_24,2561_327,IBS1,01/08/05,GSC,42.4248,-70.72245,WINTER,M,R,59,0.4278,2.7,3.95,6
2561_327_33,2561_327,IBS1,01/08/05,GSC,42.4248,-70.72245,WINTER,M,R,66,0.5466,2.69,4.6,6
2561_327_36,2561_327,IBS1,01/08/05,GSC,42.4248,-70.72245,WINTER,M,R,60,0.5422,3.39,5.19,8
2561_327_73,2561_327,IBS1,01/08/05,CCB,42.4248,-70.72245,WINTER,F,R,68,0.4641,2.62,4.57,4
2561_327_8,2561_327,IBS1,01/08/05,MBAY,42.4248,-70.72245,WINTER,F,R,57,0.3627,1.76,4.29,4
2561_333_4,2561_333,IBS1,01/08/05,JEFF,42.41413333,-70.81275,WINTER,M,R,42,0.2641,2.01,3.97,4
2561_333_52,2561_333,IBS1,01/08/05,IBAY,42.41413333,-70.81275,WINTER,M,R,64,0.4909,3.47,5.95,4
2561_334_13,2561_334,IBS1,01/08/05,WGOM,42.38186667,-70.71163333,WINTER,M,R,49,0.3255,2.67,4.68,4
2561_334_2,2561_334,IBS1,01/08/05,WGOM,42.38186667,-70.71163333,WINTER,M,R,59,0.4987,3.04,4.68,5
2561_334_25,2561_334,IBS1,01/08/05,IBAY,42.38186667,-70.71163333,WINTER,M,R,41,0.2102,1.98,3.15,4
2561_334_27,2561_334,IBS1,01/08/05,JEFF,42.38186667,-70.71163333,WINTER,M,R,54,0.4567,2.69,4.3,6
2561_334_8,2561_334,IBS1,01/08/05,WGOM,42.38186667,-70.71163333,WINTER,M,R,66,0.535,2.29,4.77,6
2561_334_9,2561_334,IBS1,01/08/05,WGOM,42.38186667,-70.71163333,WINTER,M,R,62,0.4197,2.77,5.45,4
2561_355_7,2561_355,IBS1,01/29/05,MBAY,42.22091667,-70.12635,WINTER,M,R,67,0.4795,2.48,5.5,4
2561_371_10,2561_371,IBS1,01/29/05,STELL,42.11681667,-70.06335,WINTER,M,R,45,0.2262,3,5.07,3
2561_75_1,2561_75,IBS1,01/28/05,STELL,43.85218333,-69.11066667,WINTER,M,U,72,0.5512,2.45,4.29,6
2562_138_1,2562_138,IBS1,03/04/05,WGOM,43.55921667,-69.98681667,WINTER,M,R,34,0.1465,2.79,4.99,2
2562_167_2,2562_167,IBS1,02/26/05,WGOM,43.43706667,-70.29445,WINTER,M,R,61,0.3617,2.93,4.54,4
2562_170_3,2562_170,IBS1,02/26/05,WGOM,43.41668333,-70.24573333,WINTER,M,R,45,0.1934,2.95,4.54,3
2562_215_1,2562_215,IBS1,03/10/05,WGOM,43.1522,-69.6884,WINTER,M,U,81,0.5424,1.77,2.97,7
2562_281_3,2562_281,IBS1,03/11/05,WGOM,42.70353333,-70.17611667,WINTER,F,R,49,0.3009,1.79,4.08,4
2562_316_11,2562_316,IBS1,02/18/05,MBAY,42.51941667,-70.40638333,WINTER,M,R,66,0.475,3.09,5.14,5
2562_316_4,2562_316,IBS1,02/18/05,GSC,42.51941667,-70.40638333,WINTER,M,R,54,0.4688,3.13,4.59,6
2562_316_51,2562_316,IBS1,02/18/05,WGOM,42.51941667,-70.40638333,WINTER,F,R,94,0.9324,2.28,4.24,7
2562_334_10,2562_334,IBS1,02/28/05,MBAY,42.38961667,-70.72496667,WINTER,M,R,64,0.5859,2.12,4.01,6
2562_334_17,2562_334,IBS1,02/28/05,JEFF,42.38961667,-70.72496667,WINTER,M,R,50,0.428,3.2,4.92,5
2562_334_24,2562_334,IBS1,02/28/05,JEFF,42.38961667,-70.72496667,WINTER,M,U,81,0.851,2.97,5.52,6
2562_334_34,2562_334,IBS1,02/28/05,JEFF,42.38961667,-70.72496667,WINTER,M,R,57,0.4795,2.43,4.84,6
2562_334_6,2562_334,IBS1,02/28/05,GSC,42.38961667,-70.72496667,WINTER,M,R,66,0.4135,2.29,4.9,4
2562_334_8,2562_334,IBS1,02/28/05,GSC,42.38961667,-70.72496667,WINTER,M,U,61,0.5136,2.28,4.32,5
2562_340_3,2562_340,IBS1,02/26/05,WGOM,42.38205,-70.35615,WINTER,M,R,31,0.1114,2.45,4.76,2
2562_350_4,2562_350,IBS1,02/28/05,WGOM,42.25223333,-70.6773,WINTER,M,R,54,0.4307,2.38,4.27,5
2562_75_1,2562_75,IBS1,03/02/05,JEFF,43.82406667,-69.11511667,WINTER,M,R,32,0.1307,2.88,5.17,2
2562_83_2,2562_83,IBS1,03/14/05,WGOM,43.82811667,-69.48508333,WINTER,F,U,76,0.6291,2.46,4.2,6
2562_83_3,2562_83,IBS1,03/14/05,WGOM,43.82811667,-69.48508333,WINTER,M,U,60,0.4437,2.28,4.4,4
2562_92_1,2562_92,IBS1,03/11/05,WGOM,43.76903333,-69.10246667,WINTER,M,U,39,0.1866,3.15,4.68,3
2562_98_1,2562_98,IBS1,03/11/05,WGOM,43.72135,-69.64771667,WINTER,F,R,40,0.1998,3.38,4.81,3
2563_265_45,2563_265,IBS1,04/10/05,EME,42.80961667,-70.21726667,SPRING,M,R,113,1.1658,1.8,3.68,11
2563_265_49,2563_265,IBS1,04/10/05,EME,42.80961667,-70.21726667,SPRING,M,R,80,0.7189,2.39,5.01,6
2563_267_1,2563_267,IBS1,04/05/05,PLATTS,42.75193333,-70.59566667,SPRING,M,R,45,0.2864,2.3,3.82,4
2563_294_12,2563_294,IBS1,04/13/05,WGOM,42.69018333,-70.33778333,SPRING,M,R,88,0.7352,2.13,4.15,6
2563_294_5,2563_294,IBS1,04/13/05,WGOM,42.69018333,-70.33778333,SPRING,F,U,95,0.7734,2.87,5.43,7
2563_294_9,2563_294,IBS1,04/13/05,WGOM,42.69018333,-70.33778333,SPRING,M,R,120,1.6153,1.79,3.97,10
2563_297_1,2563_297,IBS1,04/07/05,WGOM,42.6738,-70.51285,SPRING,M,U,78,0.5763,1.98,4.1,7
2563_305_10,2563_305,IBS1,04/13/05,STELL,42.64095,-70.10718333,SPRING,M,R,52,0.3698,2.05,4.65,4
2563_305_11,2563_305,IBS1,04/13/05,STELL,42.64095,-70.10718333,SPRING,M,R,62,0.378,2,4.04,4
2563_305_73,2563_305,IBS1,04/13/05,WGOM,42.64095,-70.10718333,SPRING,M,R,86,1.0412,1.93,3.3,13
2563_321_1,2563_321,IBS1,04/10/05,IBAY,42.47976667,-70.6603,SPRING,M,R,74,0.6837,2.78,4.65,6
2563_321_10,2563_321,IBS1,04/10/05,IBAY,42.47976667,-70.6603,SPRING,M,R,89,0.7765,2.64,5.04,8
2563_372_5,2563_372,IBS1,04/19/05,JEFF,42.08288333,-70.55843333,SPRING,M,R,59,0.3788,2.01,4.96,4
2563_399_4,2563_399,IBS1,04/17/05,IBAY,41.76988333,-69.8213,SPRING,M,R,49,0.1493,2.38,5.82,3
2563_82_1,2563_82,IBS1,03/26/05,WGOM,43.82755,-69.421,WINTER,M,U,53,0.2995,3.19,5.09,3
2563_83_1,2563_83,IBS1,03/26/05,WGOM,43.83138333,-69.48648333,WINTER,M,U,33,0.1422,3.24,5.12,2
2563_89_1,2563_89,IBS1,03/17/05,WGOM,43.77353333,-69.22215,WINTER,M,U,52,0.2941,3.94,5.74,3
2564_138_2,2564_138,IBS1,05/19/05,STELL,43.5826,-69.95476667,SPRING,M,U,64,0.4207,1.99,4.75,4
2564_152_1,2564_152,IBS1,05/19/05,STELL,43.52161667,-70.00615,SPRING,F,R,64,0.4757,2.18,4.37,4
2564_152_3,2564_152,IBS1,05/19/05,STELL,43.52161667,-70.00615,SPRING,M,R,53,0.3652,2.21,4.73,4
2564_210_4,2564_210,IBS1,05/11/05,MBAY,43.16563333,-70.30831667,SPRING,M,R,45,0.2592,1.04,4.16,4
2564_212_1,2564_212,IBS1,05/11/05,MBAY,43.11666667,-70.04418333,SPRING,M,U,50,0.349,1.32,2.6,5
2564_229_7,2564_229,IBS1,05/11/05,WGOM,42.95638333,-70.04631667,SPRING,M,R,75,0.6488,2.27,4,5
2564_231_9,2564_231,IBS1,05/06/05,JEFF,42.9251,-70.50176667,SPRING,M,U,52,0.3764,2.29,4.25,4
2564_232_3,2564_232,IBS1,05/06/05,JEFF,42.91671833,-70.35768833,SPRING,F,R,60,0.3598,2.45,4.43,4
2564_237_2,2564_237,IBS1,05/06/05,STELL,42.90491667,-70.60481667,SPRING,M,R,58,0.6309,2.06,3.91,9
2564_237_3,2564_237,IBS1,05/06/05,STELL,42.90491667,-70.60481667,SPRING,M,R,49,0.3352,1.72,3.98,5
2564_237_4,2564_237,IBS1,05/06/05,STELL,42.90491667,-70.60481667,SPRING,M,R,50,0.5016,1.5,4.19,9
2564_243_2,2564_243,IBS1,05/02/05,STELL,42.84873333,-70.59048333,SPRING,M,U,103,0.9901,1.96,4.31,11
2564_250_2,2564_250,IBS1,05/10/05,MBAY,42.86748333,-70.27185,SPRING,F,R,83,0.7884,2.83,4.59,7
2564_250_4,2564_250,IBS1,05/10/05,MBAY,42.86748333,-70.27185,SPRING,M,R,63,0.3584,2.28,5.25,4
2564_250_5,2564_250,IBS1,05/10/05,GSC,42.86748333,-70.27185,SPRING,M,R,79,0.7448,1.6,4.44,7
2564_253_5,2564_253,IBS1,05/02/05,WGOM,42.82576667,-70.55485,SPRING,M,R,55,0.3642,1.76,4.13,4
2564_255_11,2564_255,IBS1,05/10/05,WGOM,42.74825,-70.26406667,SPRING,M,U,115,1.3732,2.11,4.95,11
2564_255_12,2564_255,IBS1,05/10/05,WGOM,42.74825,-70.26406667,SPRING,M,R,90,0.7942,3.36,5.47,6
2564_263_18,2564_263,IBS1,05/02/05,PLATTS,42.81288333,-70.55068333,SPRING,M,U,112,1.1193,1.77,4.72,10
2564_263_2,2564_263,IBS1,05/02/05,GSC,42.81288333,-70.55068333,SPRING,M,U,87,0.9013,1.86,4.48,9
2564_263_6,2564_263,IBS1,05/02/05,WGOM,42.81288333,-70.55068333,SPRING,M,R,91,0.7823,1.56,4.12,7
2564_293_2,2564_293,IBS1,04/26/05,WGOM,42.63585,-70.43708333,SPRING,M,U,55,0.3664,2.63,4.46,4
2564_294_17,2564_294,IBS1,05/10/05,STELL,42.69066667,-70.33796667,SPRING,M,U,86,0.8057,1.54,4.55,7
2564_295_22,2564_295,IBS1,05/13/05,STELL,42.6492,-70.13978333,SPRING,M,R,90,0.8141,3.51,5.47,7
2564_314_2,2564_314,IBS1,05/14/05,STELL,42.5093,-70.71393333,SPRING,M,R,101,1.2572,1.17,3.93,11
2564_314_20,2564_314,IBS1,05/14/05,STELL,42.5093,-70.71393333,SPRING,M,R,84,1.0205,2.17,5.03,9
2564_314_28,2564_314,IBS1,05/14/05,STELL,42.5093,-70.71393333,SPRING,M,U,103,1.3354,1.92,4.35,10
2564_314_3,2564_314,IBS1,05/14/05,STELL,42.5093,-70.71393333,SPRING,M,R,93,0.7281,1.76,4.43,8
2564_314_32,2564_314,IBS1,05/14/05,STELL,42.5093,-70.71393333,SPRING,M,R,94,0.9677,1.35,4.46,8
2564_314_34,2564_314,IBS1,05/14/05,STELL,42.5093,-70.71393333,SPRING,M,R,83,0.7708,4.26,5.66,6
2564_314_35,2564_314,IBS1,05/14/05,STELL,42.5093,-70.71393333,SPRING,M,R,88,0.8509,1.6,4.05,7
2564_314_4,2564_314,IBS1,05/14/05,STELL,42.5093,-70.71393333,SPRING,M,R,89,0.9562,1.75,3.76,9
2564_314_40,2564_314,IBS1,05/14/05,STELL,42.5093,-70.71393333,SPRING,M,R,53,0.3994,2.03,4.65,4
2564_314_5,2564_314,IBS1,05/14/05,STELL,42.5093,-70.71393333,SPRING,M,R,86,0.7638,1.63,4.25,8
2564_314_52,2564_314,IBS1,05/14/05,STELL,42.5093,-70.71393333,SPRING,M,R,86,0.6669,1.94,5.34,6
2564_314_8,2564_314,IBS1,05/14/05,STELL,42.5093,-70.71393333,SPRING,M,U,54,0.3816,1.73,4.88,4
2564_329_1,2564_329,IBS1,05/14/05,MBAY,42.41601667,-70.66255,SPRING,M,R,91,0.8224,2.03,4.54,7
2564_329_11,2564_329,IBS1,05/14/05,MBAY,42.41601667,-70.66255,SPRING,M,R,72,0.664,2.03,4.18,7
2564_329_12,2564_329,IBS1,05/14/05,MBAY,42.41601667,-70.66255,SPRING,M,R,102,1.0337,1.85,5.21,8
2564_329_13,2564_329,IBS1,05/14/05,MBAY,42.41601667,-70.66255,SPRING,F,R,75,0.7456,1.87,4.27,7
2564_329_2,2564_329,IBS1,05/14/05,MBAY,42.41601667,-70.66255,SPRING,M,R,102,0.8953,2.05,4.59,9
2564_329_3,2564_329,IBS1,05/14/05,MBAY,42.41601667,-70.66255,SPRING,M,R,86,0.7452,2.4,4.85,7
2564_329_4,2564_329,IBS1,05/14/05,MBAY,42.41601667,-70.66255,SPRING,F,R,82,0.7074,1.59,4.43,6
2564_329_64,2564_329,IBS1,05/14/05,MBAY,42.41601667,-70.66255,SPRING,M,R,31,0.1208,1.86,4.18,3
2564_329_7,2564_329,IBS1,05/14/05,MBAY,42.41601667,-70.66255,SPRING,F,R,133,1.8081,2.01,4.08,14
2564_439_1,2564_439,IBS1,05/19/05,JEFF,43.47508333,-69.91941667,SPRING,M,R,46,0.3628,2,4.3,5
2565_138_1,2565_138,IBS1,12/31/05,MBAY,43.55771667,-69.98768333,WINTER,F,U,58,0.4081,2.86,5.47,3
2565_138_4,2565_138,IBS1,12/31/05,MBAY,43.55771667,-69.98768333,WINTER,F,U,57,0.3558,3.82,5.8,3
2565_138_5,2565_138,IBS1,12/31/05,MBAY,43.55771667,-69.98768333,WINTER,M,U,46,0.2763,2.72,4.5,3
2565_139_2,2565_139,IBS1,12/28/05,MBAY,43.55865,-69.83666667,WINTER,F,U,65,0.4341,2.17,4.69,3
2565_149_1,2565_149,IBS1,12/19/05,MBAY,43.4925,-70.10691667,WINTER,F,R,70,0.5982,3.63,4.9,5
2565_165_1,2565_165,IBS1,12/21/05,STELL,43.4295,-68.918,WINTER,M,R,45,0.1781,3.25,5.34,2
2565_199_23,2565_199,IBS1,11/26/05,CASHES,43.20346667,-70.00086667,WINTER,M,R,76,0.8672,3.57,5.38,8
2565_207_5,2565_207,IBS1,12/29/05,WME,43.15823333,-69.66726667,WINTER,F,R,42,0.2108,2.73,4.74,2
2565_226_4,2565_226,IBS1,12/29/05,WGOM,43.07975,-69.65411667,WINTER,M,U,43,0.2412,2.98,4.75,2
2565_243_5,2565_243,IBS1,11/21/05,JEFF,42.85034167,-70.58015,WINTER,F,U,75,0.671,3.09,4.94,6
2565_244_1,2565_244,IBS1,11/21/05,JEFF,42.87396667,-70.60116667,WINTER,F,R,41,0.213,3.11,5.27,2
2565_244_3,2565_244,IBS1,11/21/05,JEFF,42.87396667,-70.60116667,WINTER,F,U,80,0.8091,3.33,4.79,6
2565_255_2,2565_255,IBS1,11/28/05,JEFF,42.86445,-70.30816667,WINTER,M,R,80,0.5775,3.42,5.01,6
2565_262_23,2565_262,IBS1,12/05/05,IBAY,42.80098333,-70.32985,WINTER,M,R,40,0.1791,2.07,4.5,2
2565_262_36,2565_262,IBS1,12/05/05,JEFF,42.80098333,-70.32985,WINTER,M,R,46,0.2424,3.41,5.05,2
2565_262_40,2565_262,IBS1,12/05/05,JEFF,42.80098333,-70.32985,WINTER,F,R,62,0.3616,3.42,5.75,2
2565_262_44,2565_262,IBS1,12/05/05,JEFF,42.80098333,-70.32985,WINTER,F,U,47,0.2341,2.72,4.95,2
2565_285_4,2565_285,IBS1,12/01/05,JEFF,42.75501667,-70.52871667,WINTER,M,R,63,0.4113,3.11,5.79,3
2565_291_1,2565_291,IBS1,11/20/05,MBAY,42.73998333,-70.66023333,WINTER,M,R,42,0.1958,2.81,4.58,2
2565_291_2,2565_291,IBS1,11/20/05,MBAY,42.73998333,-70.66023333,WINTER,F,R,48,0.3083,2.77,4.5,3
2565_293_22,2565_293,IBS1,12/01/05,WGOM,42.66516667,-70.42635,WINTER,M,R,70,0.4908,3.06,5.46,4
2565_293_38,2565_293,IBS1,12/01/05,JEFF,42.66516667,-70.42635,WINTER,M,R,44,0.2273,2.53,4.91,2
2565_301_8,2565_301,IBS1,12/01/05,WGOM,42.63378333,-70.43638333,WINTER,M,R,48,0.3105,3.42,5.01,3
2565_330_16,2565_330,IBS1,12/08/05,MBAY,42.42278333,-70.47788333,WINTER,M,R,57,0.3727,3.27,5.2,3
2565_340_2,2565_340,IBS1,12/08/05,MBAY,42.37295,-70.34978333,WINTER,M,R,53,0.3236,3.45,5.04,3
2565_355_2,2565_355,IBS1,11/28/05,IBAY,42.22658333,-70.12548333,WINTER,M,R,52,0.2164,1.32,2.87,3
2565_367_1,2565_367,IBS1,12/28/05,EME,42.10416667,-70.50705,WINTER,F,R,75,0.6597,2.7,4.77,4
2565_367_28,2565_367,IBS1,12/28/05,MBAY,42.10416667,-70.50705,WINTER,F,R,85,0.7654,3.48,5.02,6
2565_367_30,2565_367,IBS1,12/28/05,MBAY,42.10416667,-70.50705,WINTER,F,R,72,0.5589,2.56,4.32,6
2565_367_62,2565_367,IBS1,12/28/05,MBAY,42.10416667,-70.50705,WINTER,F,R,95,0.9693,3.7,5.57,6
2565_367_73,2565_367,IBS1,12/28/05,MBAY,42.10416667,-70.50705,WINTER,F,R,87,0.8718,2.5,4.46,6
2565_367_76,2565_367,IBS1,12/28/05,MBAY,42.10416667,-70.50705,WINTER,F,R,54,0.2769,2.66,5.18,2
2565_367_92,2565_367,IBS1,12/28/05,MBAY,42.10416667,-70.50705,WINTER,F,R,91,0.8643,2.7,5,7
2565_369_1,2565_369,IBS1,11/19/05,JEFF,42.13051667,-70.47885,WINTER,F,R,88,1.0352,3.13,5.4,7
2565_372_23,2565_372,IBS1,11/21/05,IBAY,42.11373333,-70.55191667,WINTER,M,R,79,0.6527,2.76,4.67,6
2565_376_14,2565_376,IBS1,12/05/05,WGOM,42.07651667,-70.53143333,WINTER,M,R,71,0.6285,3.33,5.35,6
2565_376_18,2565_376,IBS1,12/05/05,WGOM,42.07651667,-70.53143333,WINTER,F,U,79,0.6532,3.09,5.05,5
2565_376_30,2565_376,IBS1,12/05/05,MBAY,42.07651667,-70.53143333,WINTER,M,R,76,0.5374,2.68,4.63,4
2565_376_51,2565_376,IBS1,12/05/05,MBAY,42.07651667,-70.53143333,WINTER,F,R,88,0.7462,2.12,4.13,7
2565_387_6,2565_387,IBS1,12/11/05,MBAY,41.9317,-70.42486667,WINTER,M,R,34,0.1491,2.4,4.45,2
2565_424_1,2565_424,IBS1,12/22/05,WME,43.55686667,-68.58748333,WINTER,F,R,43,0.1459,2.73,4.82,2
2565_439_1,2565_439,IBS1,12/31/05,IBAY,43.4794,-69.93825,WINTER,F,R,42,0.2109,2.32,4.61,2
2565_445_1,2565_445,IBS1,12/28/05,MBAY,43.57791667,-69.6216,WINTER,M,U,42,0.2034,2.21,4.36,2
2565_83_1,2565_83,IBS1,12/27/05,MBAY,43.82235,-69.4882,WINTER,M,U,49,0.3478,2.88,4.93,3
2565_83_2,2565_83,IBS1,12/27/05,MBAY,43.82235,-69.4882,WINTER,M,U,51,0.251,3.27,5.4,2
2565_83_3,2565_83,IBS1,12/27/05,MBAY,43.82235,-69.4882,WINTER,M,U,55,0.3591,3.03,4.52,3
2565_83_4,2565_83,IBS1,12/27/05,MBAY,43.82235,-69.4882,WINTER,M,U,62,0.4473,3.38,5.47,3
2565_83_5,2565_83,IBS1,12/27/05,MBAY,43.82235,-69.4882,WINTER,M,U,50,0.3356,2.96,4.56,3
2565_83_6,2565_83,IBS1,12/27/05,MBAY,43.82235,-69.4882,WINTER,F,U,60,0.438,3.81,5.46,3
2565_83_7,2565_83,IBS1,12/27/05,MBAY,43.82235,-69.4882,WINTER,F,U,85,0.6315,3.38,4.79,5
2664_148_1,2664_148,IBS1,05/25/06,IBAY,43.51121667,-70.03321667,SPRING,M,U,65,0.4508,1.52,4.15,4
2664_152_1,2664_152,IBS1,05/25/06,IBAY,43.5235,-69.9987,SPRING,M,U,35,0.1479,2.68,5.39,2
2664_156_1,2664_156,IBS1,05/25/06,IBAY,42.44166667,-70.1915,SPRING,M,U,56,0.4805,1.98,4.19,5
2664_156_10,2664_156,IBS1,05/25/06,IBAY,42.44166667,-70.1915,SPRING,M,U,50,0.4259,2.1,4.1,5
2664_156_2,2664_156,IBS1,05/25/06,IBAY,42.44166667,-70.1915,SPRING,M,U,95,0.9303,2.16,4.01,9
2664_156_3,2664_156,IBS1,05/25/06,IBAY,42.44166667,-70.1915,SPRING,M,U,69,0.4962,2.48,4.47,5
2664_156_4,2664_156,IBS1,05/25/06,IBAY,42.44166667,-70.1915,SPRING,M,U,67,0.5864,2.25,4.68,5
2664_156_5,2664_156,IBS1,05/25/06,IBAY,42.44166667,-70.1915,SPRING,M,U,51,0.3274,1.66,3.72,5
2664_156_6,2664_156,IBS1,05/25/06,IBAY,42.44166667,-70.1915,SPRING,M,U,61,0.4926,1.97,3.38,5
2664_156_7,2664_156,IBS1,05/25/06,IBAY,42.44166667,-70.1915,SPRING,M,U,60,0.46,2.12,3.91,5
2664_156_8,2664_156,IBS1,05/25/06,IBAY,42.44166667,-70.1915,SPRING,M,U,36,0.2199,2.24,4.22,3
2664_156_9,2664_156,IBS1,05/25/06,IBAY,42.44166667,-70.1915,SPRING,M,U,56,0.3998,1.98,4.03,5
2664_168_10,2664_168,IBS1,05/25/06,MBAY,42.4179,-70.20378333,SPRING,M,U,28,0.1067,2.43,4.77,2
2664_168_2,2664_168,IBS1,05/25/06,MBAY,42.4179,-70.20378333,SPRING,M,U,64,0.5031,1.73,4.87,5
2664_168_3,2664_168,IBS1,05/25/06,MBAY,42.4179,-70.20378333,SPRING,M,U,75,0.679,2.15,4.64,7
2664_168_4,2664_168,IBS1,05/25/06,MBAY,42.4179,-70.20378333,SPRING,M,U,52,0.4294,1.59,4.31,5
2664_168_5,2664_168,IBS1,05/25/06,MBAY,42.4179,-70.20378333,SPRING,F,U,74,0.5486,2.01,4.43,5
2664_168_6,2664_168,IBS1,05/25/06,MBAY,42.4179,-70.20378333,SPRING,M,U,44,0.2706,2.54,4.92,3
2664_168_7,2664_168,IBS1,05/25/06,MBAY,42.4179,-70.20378333,SPRING,M,U,73,0.6095,1.97,4.88,5
2664_168_9,2664_168,IBS1,05/25/06,MBAY,42.4179,-70.20378333,SPRING,M,U,45,0.256,1.32,3.92,5
2664_191_19,2664_191,IBS1,05/25/06,IBAY,43.33533333,-70.158,SPRING,M,U,69,0.5245,1.63,4.76,5
2664_191_3,2664_191,IBS1,05/25/06,IBAY,43.33533333,-70.158,SPRING,M,U,75,0.6408,1.22,2.74,6
2664_191_6,2664_191,IBS1,05/25/06,IBAY,43.33533333,-70.158,SPRING,M,R,45,0.2762,1.32,3.53,4
2664_202_1,2664_202,IBS1,05/25/06,MBAY,43.22481667,-70.25196667,SPRING,M,R,62,0.5153,2.19,4.5,5
2664_202_3,2664_202,IBS1,05/25/06,MBAY,43.22481667,-70.25196667,SPRING,M,U,120,1.5557,2.07,4.59,13
2664_202_6,2664_202,IBS1,05/25/06,MBAY,43.22481667,-70.25196667,SPRING,M,R,66,0.4326,1.89,3.61,5
2664_210_4,2664_210,IBS1,05/18/06,MBAY,43.18065,-70.21948333,SPRING,M,R,64,0.5563,1.65,3.46,5
2664_214_30,2664_214,IBS1,05/18/06,WGOM,43.10938333,-70.369,SPRING,M,U,51,0.4892,1.97,4.26,5
2664_230_11,2664_230,IBS1,05/24/06,MBAY,42.91286667,-70.66301667,SPRING,M,U,40,0.3243,1.97,3.68,5
2664_230_14,2664_230,IBS1,05/24/06,MBAY,42.91286667,-70.66301667,SPRING,M,U,68,0.5251,1.78,4.06,5
2664_230_22,2664_230,IBS1,05/24/06,MBAY,42.91286667,-70.66301667,SPRING,M,R,60,0.5078,1.88,4.4,5
2664_230_23,2664_230,IBS1,05/24/06,MBAY,42.91286667,-70.66301667,SPRING,M,R,44,0.2209,1.87,4.05,3
2664_230_4,2664_230,IBS1,05/24/06,MBAY,42.91286667,-70.66301667,SPRING,M,R,85,0.9107,1.65,4.22,7
2664_230_5,2664_230,IBS1,05/24/06,MBAY,42.91286667,-70.66301667,SPRING,M,R,65,0.5325,1.72,4.34,5
2664_230_59,2664_230,IBS1,05/24/06,MBAY,42.91286667,-70.66301667,SPRING,M,R,87,0.717,1.77,3.99,8
2664_230_6,2664_230,IBS1,05/24/06,MBAY,42.91286667,-70.66301667,SPRING,M,U,56,0.4224,1.74,4.42,5
2664_230_9,2664_230,IBS1,05/24/06,MBAY,42.91286667,-70.66301667,SPRING,F,U,51,0.4976,2.18,4.09,8
2664_231_13,2664_231,IBS1,05/19/06,MBAY,42.90928333,-70.60198333,SPRING,F,R,128,1.9035,2.25,4.63,11
2664_231_15,2664_231,IBS1,05/19/06,MBAY,42.90928333,-70.60198333,SPRING,F,U,123,1.1931,1.13,2.29,12
2664_231_17,2664_231,IBS1,05/19/06,MBAY,42.90928333,-70.60198333,SPRING,M,R,99,1.1421,1.66,4.13,9
2664_231_2,2664_231,IBS1,05/19/06,MBAY,42.90928333,-70.60198333,SPRING,F,R,132,1.314,2.1,4.36,12
2664_231_88,2664_231,IBS1,05/19/06,MBAY,42.90928333,-70.60198333,SPRING,M,U,57,0.4353,1.79,4.32,5
2664_244_13,2664_244,IBS1,05/16/06,MBAY,42.8605,-70.6023,SPRING,M,U,40,0.2432,1.93,4.04,4
2664_244_4,2664_244,IBS1,05/16/06,MBAY,42.8605,-70.6023,SPRING,M,R,61,0.4664,1.52,3.51,5
2664_244_5,2664_244,IBS1,05/16/06,MBAY,42.8605,-70.6023,SPRING,M,U,68,0.4837,1.77,3.92,5
2664_244_7,2664_244,IBS1,05/16/06,MBAY,42.8605,-70.6023,SPRING,M,R,36,0.1511,2.37,4.5,3
2664_244_8,2664_244,IBS1,05/16/06,MBAY,42.8605,-70.6023,SPRING,M,R,50,0.3771,2.26,4.22,5
2664_252_17,2664_252,IBS1,05/16/06,MBAY,42.83528333,-70.65508333,SPRING,M,U,67,0.4872,1.57,4.31,4
2664_252_2,2664_252,IBS1,05/16/06,MBAY,42.83528333,-70.65508333,SPRING,M,U,58,0.4464,1.61,3.81,5
2664_252_3,2664_252,IBS1,05/16/06,MBAY,42.83528333,-70.65508333,SPRING,M,U,31,0.1608,1.38,3.61,3
2664_252_4,2664_252,IBS1,05/16/06,MBAY,42.83528333,-70.65508333,SPRING,M,U,51,0.394,1.93,3.9,5
2664_252_8,2664_252,IBS1,05/16/06,MBAY,42.83528333,-70.65508333,SPRING,M,U,37,0.1908,1.34,4.11,3
2664_269_11,2664_269,IBS1,05/21/06,WGOM,42.75881667,-70.52961667,SPRING,M,R,53,0.3511,2.54,4.63,4
2664_269_24,2664_269,IBS1,05/21/06,JEFF,42.75881667,-70.52961667,SPRING,M,R,55,0.321,3.24,5.49,3
2664_291_10,2664_291,IBS1,05/21/06,WGOM,42.67318333,-70.5274,SPRING,M,U,89,0.9156,2.05,4.63,8
2664_291_13,2664_291,IBS1,05/21/06,WGOM,42.67318333,-70.5274,SPRING,M,U,58,0.4483,1.43,4.38,5
2664_291_16,2664_291,IBS1,05/21/06,WGOM,42.67318333,-70.5274,SPRING,M,U,54,0.4372,2.05,4.29,5
2664_291_20,2664_291,IBS1,05/21/06,WGOM,42.67318333,-70.5274,SPRING,M,U,62,0.4932,1.67,4.42,5
2664_291_28,2664_291,IBS1,05/21/06,WGOM,42.67318333,-70.5274,SPRING,M,U,65,0.4988,2.24,4.37,5
2664_291_4,2664_291,IBS1,05/21/06,WGOM,42.67318333,-70.5274,SPRING,M,U,68,0.5721,1.58,4.77,5
2664_291_51,2664_291,IBS1,05/21/06,WGOM,42.67318333,-70.5274,SPRING,M,U,53,0.3943,1.49,3.98,6
2664_291_58,2664_291,IBS1,05/21/06,WGOM,42.67318333,-70.5274,SPRING,M,U,88,0.7641,1.54,3.55,8
2664_291_63,2664_291,IBS1,05/21/06,WGOM,42.67318333,-70.5274,SPRING,M,U,109,1.2633,2.17,4.9,9
2664_295_1,2664_295,IBS1,05/23/06,WGOM,42.69825,-70.14265,SPRING,M,U,54,0.3786,1.87,3.64,5
2664_297_1,2664_297,IBS1,05/21/06,WGOM,42.64695,-70.5095,SPRING,M,U,56,0.358,1.75,3.06,5
2664_297_17,2664_297,IBS1,05/21/06,JEFF,42.64695,-70.5095,SPRING,M,R,75,0.5716,1.76,4.55,5
2664_303_3,2664_303,IBS1,05/21/06,JEFF,42.63145,-70.446,SPRING,M,U,47,0.3836,1.68,3.46,5
2664_314_2,2664_314,IBS1,05/16/06,WME,42.51341667,-70.71053333,SPRING,M,R,96,1.0376,2.28,4.87,9
2664_314_44,2664_314,IBS1,05/16/06,OFF,42.51341667,-70.71053333,SPRING,M,R,81,0.7702,1.41,4.2,8
2664_314_63,2664_314,IBS1,05/16/06,PLATTS,42.51341667,-70.71053333,SPRING,M,R,85,0.8596,1.49,3.42,8
2664_319_30,2664_319,IBS1,05/16/06,WME,42.52216667,-70.63321667,SPRING,F,R,76,0.6006,2.41,4.83,5
2664_319_31,2664_319,IBS1,05/16/06,WME,42.52216667,-70.63321667,SPRING,M,R,50,0.3675,2.02,3.6,5
2664_334_60,2664_334,IBS1,05/16/06,STELL,42.38916667,-70.72408333,SPRING,M,U,82,0.7326,3.24,5.18,7
2664_355_23,2664_355,IBS1,05/24/06,MBAY,42.22716667,-70.12363333,SPRING,M,R,39,0.2052,1.93,4.29,3
2664_376_24,2664_376,IBS1,05/17/06,MBAY,42.09153333,-70.52985,SPRING,M,U,64,0.5148,2.05,4.44,5
2664_407_2,2664_407,IBS1,05/24/06,MBAY,42.3192,-70.0816,SPRING,F,R,65,0.4532,2.65,5.02,4
2665_146_4,2665_146,IBS1,12/20/06,IBAY,43.53108,-69.20627667,WINTER,F,R,56,0.3666,2.63,4.7,3
2665_146_5,2665_146,IBS1,12/20/06,IBAY,43.53108,-69.20627667,WINTER,M,R,48,0.2264,3.11,5.24,2
2665_167_1,2665_167,IBS1,12/16/06,WGOM,43.41735,-70.27948333,WINTER,M,U,65,0.5159,2.85,4.87,4
2665_167_3,2665_167,IBS1,12/16/06,WGOM,43.41735,-70.27948333,WINTER,M,U,57,0.4577,3.06,5.03,4
2665_244_1,2665_244,IBS1,11/21/06,IBAY,42.88671667,-70.64071667,WINTER,M,U,62,0.3826,2.32,4.88,3
2665_253_2,2665_253,IBS1,11/21/06,WGOM,42.82711667,-70.60663333,WINTER,F,R,60,0.5559,2.76,4.44,9
2665_262_8,2665_262,IBS1,11/26/06,WGOM,42.7978,-70.32733333,WINTER,M,U,48,0.2829,3.02,4.68,3
2665_291_1,2665_291,IBS1,11/22/06,IBAY,42.82156667,-70.57353333,WINTER,M,U,66,0.4477,3.27,5.69,3
2665_291_2,2665_291,IBS1,11/22/06,WGOM,42.82156667,-70.57353333,WINTER,M,U,61,0.3707,3.26,4.36,3
2665_314_12,2665_314,IBS1,12/29/06,MBAY,42.52323333,-70.70781667,WINTER,M,R,40,0.2327,2.29,3.85,3
2665_332_1,2665_332,IBS1,12/14/06,WGOM,42.42375,-70.41303333,WINTER,M,U,65,0.3964,2.15,4.16,3
2665_333_23,2665_333,IBS1,11/29/06,JEFF,42.40826667,-70.84233333,WINTER,F,R,74,0.5074,3.33,6.3,3
2665_333_26,2665_333,IBS1,11/29/06,JEFF,42.40826667,-70.84233333,WINTER,F,R,67,0.4502,3.38,5.07,3
2665_333_36,2665_333,IBS1,11/29/06,WGOM,42.40826667,-70.84233333,WINTER,M,R,58,0.3067,1.92,4.46,3
2665_334_3,2665_334,IBS1,11/18/06,WGOM,42.3726,-70.7051,WINTER,M,R,63,0.4052,2.62,5.37,3
2665_334_5,2665_334,IBS1,11/18/06,WGOM,42.3726,-70.7051,WINTER,M,R,76,0.7215,2.59,4.18,7
2665_334_9,2665_334,IBS1,11/18/06,WGOM,42.3726,-70.7051,WINTER,M,R,78,0.7213,2.58,4.59,7
2665_336_12,2665_336,IBS1,12/14/06,MBAY,42.38305,-70.41361667,WINTER,M,U,62,0.3378,3.34,4.74,3
2665_337_13,2665_337,IBS1,12/14/06,JEFF,42.35101667,-70.32378333,WINTER,M,U,56,0.3358,3.05,5.81,2
2665_337_19,2665_337,IBS1,12/14/06,WGOM,42.35101667,-70.32378333,WINTER,M,U,50,0.3058,2.57,4.96,3
2665_338_11,2665_338,IBS1,12/14/06,MBAY,42.37796667,-70.37361667,WINTER,M,R,60,0.3568,2.48,4.31,3
2665_344_11,2665_344,IBS1,12/14/06,JEFF,42.34565,-70.31845,WINTER,F,R,64,0.3535,2.3,4.5,3
2665_347_34,2665_347,IBS1,11/20/06,IBAY,42.28158333,-70.22216667,WINTER,F,R,53,0.3547,2.71,4.6,3
2665_348_1,2665_348,IBS1,11/20/06,IBAY,42.28261667,-70.29286667,WINTER,M,U,58,0.3385,4.06,5.26,3
2665_350_2,2665_350,IBS1,11/29/06,STELL,42.24901667,-70.65303333,WINTER,M,U,60,0.3789,2.14,4.69,3
2665_350_5,2665_350,IBS1,11/29/06,IBAY,42.24901667,-70.65303333,WINTER,F,R,51,0.2927,2.77,4.03,3
2665_354_2,2665_354,IBS1,12/07/06,CME,42.20957167,-70.27139667,WINTER,M,R,65,0.4239,3.34,5.14,3
2665_354_6,2665_354,IBS1,12/07/06,WME,42.20957167,-70.27139667,WINTER,M,R,52,0.3424,2.6,4.49,3
2665_354_60,2665_354,IBS1,12/07/06,JEFF,42.20957167,-70.27139667,WINTER,F,R,72,0.8231,4.58,5.66,7
2665_357_7,2665_357,IBS1,12/07/06,IBAY,42.22459167,-70.31401833,WINTER,M,R,63,0.5117,2.58,5.71,3
2665_368_34,2665_368,IBS1,11/29/06,MBAY,42.13665,-70.57063333,WINTER,F,R,56,0.4135,3.35,5.41,3
2665_368_38,2665_368,IBS1,11/29/06,MBAY,42.13665,-70.57063333,WINTER,M,R,47,0.2354,2.63,4.68,2
2665_368_43,2665_368,IBS1,11/29/06,MBAY,42.13665,-70.57063333,WINTER,M,U,90,0.8619,3.67,5.15,8
2665_373_9,2665_373,IBS1,12/06/06,JEFF,42.08990667,-70.434645,WINTER,M,R,45,0.3496,3.21,5.1,3
2665_374_23,2665_374,IBS1,11/20/06,WGOM,42.09111167,-70.270585,WINTER,M,R,63,0.3616,2.06,4.87,3
2665_375_1,2665_375,IBS1,12/17/06,JEFF,42.091515,-69.98384,WINTER,M,R,41,0.2157,2.45,4.71,2
2665_376_16,2665_376,IBS1,12/30/06,IBAY,42.0892,-70.53166667,WINTER,M,R,56,0.3676,2.81,4.59,3
2665_382_1,2665_382,IBS1,11/26/06,JEFF,41.99175333,-70.55356667,WINTER,F,R,56,0.3581,2.32,4.45,3
2665_385_2,2665_385,IBS1,12/17/06,STELL,41.96408833,-69.96080833,WINTER,F,R,58,0.4718,3.42,5.11,4
2665_385_4,2665_385,IBS1,12/17/06,STELL,41.96408833,-69.96080833,WINTER,M,R,61,0.4053,2.23,4.32,3
2665_406_1,2665_406,IBS1,12/18/06,JEFF,41.91991667,-69.68606833,WINTER,F,R,69,0.4485,3.65,5.65,3
2761_158_1,2761_158,IBS1,01/25/07,OFF,43.47695,-70.06923333,WINTER,F,R,50,0.3092,2.42,4.04,4
2761_159_3,2761_159,IBS1,01/25/07,WME,43.47995,-70.0271,WINTER,M,U,69,0.5971,3.32,5,6
2761_167_1,2761_167,IBS1,01/13/07,WME,43.4356,-70.29001667,WINTER,M,U,57,0.3339,3.09,4.56,5
2761_167_2,2761_167,IBS1,01/13/07,WME,43.4356,-70.29001667,WINTER,M,U,55,0.3772,2.44,4.53,4
2761_167_3,2761_167,IBS1,01/13/07,WME,43.4356,-70.29001667,WINTER,M,U,64,0.5194,2.66,4.66,5
2761_168_2,2761_168,IBS1,01/13/07,WME,43.4343,-70.09446667,WINTER,M,U,54,0.3372,2.89,5.16,4
2761_253_13,2761_253,IBS1,01/04/07,MBAY,42.840695,-70.55496667,WINTER,F,R,71,0.4581,2.65,4.88,5
2761_253_7,2761_253,IBS1,01/04/07,STELL,42.840695,-70.55496667,WINTER,M,U,60,0.38,3.04,4.78,4
2761_256_16,2761_256,IBS1,01/24/07,STELL,42.7995,-70.13513333,WINTER,F,R,80,0.6706,1.86,4.25,6
2761_259_1,2761_259,IBS1,01/03/07,WGOM,42.805115,-70.69172,WINTER,M,R,45,0.2309,2.8,5.01,3
2761_259_4,2761_259,IBS1,01/03/07,WGOM,42.805115,-70.69172,WINTER,M,U,51,0.2863,2.27,4.64,4
2761_259_5,2761_259,IBS1,01/03/07,WGOM,42.805115,-70.69172,WINTER,M,U,46,0.2895,2.41,4.19,4
2761_259_6,2761_259,IBS1,01/03/07,WGOM,42.805115,-70.69172,WINTER,M,U,54,0.309,2.47,3.98,4
2761_268_24,2761_268,IBS1,01/04/07,STELL,42.79212167,-70.39861667,WINTER,M,U,53,0.3225,2.71,5.35,4
2761_268_32,2761_268,IBS1,01/04/07,STELL,42.79212167,-70.39861667,WINTER,F,R,86,0.5904,2.65,5.16,6
2761_293_10,2761_293,IBS1,01/10/07,STELL,42.66649833,-70.44500667,WINTER,M,U,51,0.2963,2.79,4.65,4
2761_293_15,2761_293,IBS1,01/10/07,WGOM,42.66649833,-70.44500667,WINTER,M,U,49,0.3749,1.88,3.26,6
2761_293_27,2761_293,IBS1,01/10/07,MBAY,42.66649833,-70.44500667,WINTER,M,U,64,0.5352,2.4,4.43,6
2761_293_7,2761_293,IBS1,01/10/07,MBAY,42.66649833,-70.44500667,WINTER,M,U,51,0.3112,2.67,4.7,4
2761_309_4,2761_309,IBS1,01/10/07,STELL,42.56734667,-70.45476667,WINTER,M,U,30,0.2399,2.87,4.4,4
2761_312_8,2761_312,IBS1,01/22/07,WGOM,42.56076667,-70.08785,WINTER,M,R,53,0.346,3.3,4.32,4
2761_315_2,2761_315,IBS1,01/10/07,STELL,42.53420333,-70.54888667,WINTER,M,R,40,0.2076,3.04,4.28,4
2761_318_1,2761_318,IBS1,01/22/07,JEFF,42.51668333,-70.14606667,WINTER,F,R,90,0.6856,2.34,4.86,6
2761_318_2,2761_318,IBS1,01/22/07,JEFF,42.51668333,-70.14606667,WINTER,F,R,103,1.2513,2.51,4.43,8
2761_324_8,2761_324,IBS1,01/22/07,JEFF,42.50013333,-70.14908333,WINTER,M,R,69,0.4358,2.57,5.04,4
2761_327_31,2761_327,IBS1,01/04/07,JEFF,42.42961667,-70.72168333,WINTER,M,U,46,0.2771,2.49,4.7,4
2761_334_11,2761_334,IBS1,01/04/07,JEFF,42.39186667,-70.72518333,WINTER,M,U,92,0.8029,2.4,4.28,8
2761_334_18,2761_334,IBS1,01/04/07,JEFF,42.39186667,-70.72518333,WINTER,M,R,72,0.5556,2.96,5.2,6
2761_334_2,2761_334,IBS1,01/04/07,JEFF,42.39186667,-70.72518333,WINTER,M,U,82,0.8559,2.41,4.33,8
2761_334_39,2761_334,IBS1,01/04/07,JEFF,42.39186667,-70.72518333,WINTER,M,U,75,0.565,3.33,5.54,5
2761_334_45,2761_334,IBS1,01/04/07,JEFF,42.39186667,-70.72518333,WINTER,M,U,74,0.7545,2.29,4.8,6
2761_334_68,2761_334,IBS1,01/04/07,JEFF,42.39186667,-70.72518333,WINTER,F,R,79,0.6613,3.02,5.29,6
2761_334_77,2761_334,IBS1,01/04/07,MBAY,42.39186667,-70.72518333,WINTER,M,R,84,0.565,2.48,4.33,6
2761_355_2,2761_355,IBS1,01/22/07,WGOM,42.21808333,-70.11613333,WINTER,M,R,86,0.6624,2.11,4.82,6
2761_355_4,2761_355,IBS1,01/22/07,WGOM,42.21808333,-70.11613333,WINTER,M,R,60,0.3297,2.44,4.24,4
2761_355_7,2761_355,IBS1,01/22/07,WGOM,42.21808333,-70.11613333,WINTER,M,R,52,0.3388,2.7,4.92,4
2761_361_15,2761_361,IBS1,01/03/07,WGOM,42.1822,-70.56295,WINTER,F,R,68,0.4476,2.92,4.93,4
2762_212_10,2762_212,IBS1,02/20/07,WGOM,43.11476667,-70.04463333,WINTER,F,R,64,0.4652,3.36,5.26,4
2762_212_13,2762_212,IBS1,02/20/07,WGOM,43.11476667,-70.04463333,WINTER,F,R,49,0.3349,2.1,4.64,4
2762_212_17,2762_212,IBS1,02/20/07,WGOM,43.11476667,-70.04463333,WINTER,F,R,54,0.3663,2.74,4.8,4
2762_238_1,2762_238,IBS1,02/27/07,MBAY,42.92265,-70.50276667,WINTER,M,U,45,0.2662,2.19,3.48,4
2762_301_4,2762_301,IBS1,03/01/07,GSC,42.6109,-70.40581667,WINTER,M,U,54,0.3425,2.91,3.94,4
2762_324_17,2762_324,IBS1,02/22/07,WGOM,42.4584,-70.13715,WINTER,M,R,83,1.097,1.75,4.04,12
2762_324_22,2762_324,IBS1,02/22/07,WGOM,42.4584,-70.13715,WINTER,M,R,69,0.4451,2.09,4.38,4
2762_324_25,2762_324,IBS1,02/22/07,WGOM,42.4584,-70.13715,WINTER,M,R,75,0.6809,1.88,4.88,5
2762_325_11,2762_325,IBS1,02/22/07,WGOM,42.47138333,-70.08121667,WINTER,M,R,75,0.6162,1.83,4.18,6
2762_408_2,2762_408,IBS1,02/25/07,WGOM,42.37388333,-70.03216667,WINTER,F,R,67,0.386,2.81,4.7,4
2350_334_9,2350_334,IBS1,12/03/03,GSC,42.38401667,-70.71601667,WINTER,M,R,74,0.55,2.49,5.02,5
2350_352_2,2350_352,IBS1,12/09/03,WGOM,42.22433333,-70.57966667,WINTER,M,R,52,0.32,2.61,4.39,4
2350_353_3,2350_353,IBS1,12/09/03,WGOM,42.233,-70.4265,WINTER,M,R,53,0.33,2.28,4,4
2350_368_3,2350_368,IBS1,12/13/03,OFF,42.11966667,-70.56233333,WINTER,M,R,64,0.51,3.09,4.82,4
2455_376_11,2455_376,IBS1,01/06/04,IBAY,42.07746667,-70.5257,WINTER,F,R,63,0.51,2.52,4.42,5
2456_247_6,2456_247,IBS1,02/20/04,WGOM,42.85721667,-70.15198333,WINTER,M,R,47,0.36,3.16,4.9,5
2458_319_18,2458_319,IBS1,05/13/04,MBAY,42.51636667,-70.63631667,SPRING,M,R,77,NA,1.6,4.06,6
2465_293_16,2465_293,IBS1,11/16/04,WGOM,42.66658333,-70.4279,WINTER,M,R,53,0.45,2.71,4.52,5
2561_327_81,2561_327,IBS1,01/08/05,JEFF,42.4248,-70.72245,WINTER,F,R,75,0.5,3.45,5.47,4
2562_334_29,2562_334,IBS1,02/28/05,JEFF,42.38961667,-70.72496667,WINTER,M,U,92,0.85,2.95,5.35,7
2564_314_47,2564_314,IBS1,05/14/05,STELL,42.5093,-70.71393333,SPRING,M,R,100,1.17,1.73,4.43,9
2661_167_2,2661_167,IBS1,01/07/06,JEFF,43.43163333,-70.29795,WINTER,M,U,50,0.33,2.48,4.68,4
2661_315_1,2661_315,IBS1,01/07/06,STELL,42.53123333,-70.56766667,WINTER,F,R,100,0.83,2.34,4.69,8
2661_316_4,2661_316,IBS1,01/10/06,MBAY,42.49496667,-70.39818333,WINTER,M,U,74,0.76,3.05,5.53,8
2661_342_6,2661_342,IBS1,01/10/06,JEFF,42.35125,-70.32205,WINTER,F,R,50,0.24,2.67,4.83,3
2664_252_5,2664_252,IBS1,05/16/06,MBAY,42.83528333,-70.65508333,SPRING,M,U,72,0.54,1.7,3.86,5
2763_244_1,2763_244,IBS1,03/19/07,CASHES,42.8734,-70.61371667,WINTER,M,U,104,1.52,1.96,4.44,12
2763_255_2,2763_255,IBS1,04/11/07,WGOM,42.7867,-70.33216667,SPRING,M,R,53,0.31,1.53,4.65,3
2763_314_17,2763_314,IBS1,04/11/07,WGOM,42.51301667,-70.70516667,SPRING,M,R,91,0.79,3.08,5.75,6
2763_314_31,2763_314,IBS1,04/11/07,JEFF,42.51301667,-70.70516667,SPRING,M,R,53,0.37,1.54,3.95,5
2763_320_3,2763_320,IBS1,04/11/07,WGOM,42.51275,-70.05733333,SPRING,M,R,75,0.62,1.76,4.36,6
2763_333_20,2763_333,IBS1,04/14/07,STELL,42.43421667,-70.84995,SPRING,M,U,71,0.59,1.42,4.47,5
2763_346_4,2763_346,IBS1,04/14/07,MBAY,42.29201667,-70.57025,SPRING,M,R,83,0.86,1.85,4.04,8
201680_15_1731,201680_15,IBS2,04/20/16,IBAY,42.5241,-70.58151667,SPRING,F,R,80.5,0.54,1.81,4.27,6
201680_15_1737,201680_15,IBS2,04/20/16,IBAY,42.5241,-70.58151667,SPRING,M,R,52.5,0.44,2.59,4.91,5
201680_15_1741,201680_15,IBS2,04/20/16,IBAY,42.5241,-70.58151667,SPRING,M,U,70.5,0.57,1.73,4.71,5
201680_36_5518,201680_36,IBS2,04/25/16,WGOM,43.11663333,-70.0416,SPRING,M,R,34.5,0.19,2.35,4.24,3
201680_44_6950,201680_44,IBS2,04/25/16,JEFF,42.84698333,-70.40823333,SPRING,M,U,60.5,0.53,1.83,4.3,6
201680_44_6953,201680_44,IBS2,04/25/16,JEFF,42.84698333,-70.40823333,SPRING,F,R,79,0.61,1.91,3.9,6
201680_45_7240,201680_45,IBS2,04/25/16,JEFF,42.78845,-70.4566,SPRING,M,R,63.5,0.46,2.66,5.9,4
201680_48_7367,201680_48,IBS2,04/28/16,PLATTS,43.47501667,-69.96191667,SPRING,M,R,46,0.26,3,5,3
201680_6_336,201680_6,IBS2,04/18/16,STELL,42.08325,-70.01315,SPRING,M,R,41,0.16,3.28,5.61,2
201681_26_6541,201681_26,IBS2,05/17/16,IBAY,42.53476667,-70.71166667,SPRING,M,U,71,0.55,1.71,3.47,6
201681_26_6542,201681_26,IBS2,05/17/16,IBAY,42.53476667,-70.71166667,SPRING,F,U,59.5,0.53,1.24,4.12,6
201681_26_6544,201681_26,IBS2,05/17/16,IBAY,42.53476667,-70.71166667,SPRING,F,R,57,0.37,1.36,4.61,4
201681_26_6549,201681_26,IBS2,05/17/16,IBAY,42.53476667,-70.71166667,SPRING,M,U,49.5,0.39,1.74,4.14,6
201681_3_195,201681_3,IBS2,05/09/16,MBAY,42.20888333,-70.58453333,SPRING,M,U,41,0.2,3.36,5.83,2
201681_44_10291,201681_44,IBS2,05/19/16,JEFF,42.94813333,-70.42993333,SPRING,F,R,84,0.74,1.46,4.38,6
201681_44_10298,201681_44,IBS2,05/19/16,JEFF,42.94813333,-70.42993333,SPRING,F,R,76.5,0.66,1.48,2.9,7
201681_44_10313,201681_44,IBS2,05/19/16,JEFF,42.94813333,-70.42993333,SPRING,M,R,69,0.54,1.82,4.79,5
201681_45_11044,201681_45,IBS2,05/19/16,JEFF,42.88908333,-70.3735,SPRING,F,R,85,0.85,1.58,3.69,6
201681_45_11045,201681_45,IBS2,05/19/16,JEFF,42.88908333,-70.3735,SPRING,F,R,98.5,0.94,1.37,4.34,9
201681_46_11357,201681_46,IBS2,05/19/16,JEFF,42.82386667,-70.39581667,SPRING,M,R,41.5,0.24,1.12,2.82,4
201681_47_11789,201681_47,IBS2,05/19/16,IBAY,42.85765,-70.5305,SPRING,M,U,67.5,0.64,1.79,3.43,6
201681_47_11790,201681_47,IBS2,05/19/16,IBAY,42.85765,-70.5305,SPRING,M,U,56,0.45,1.53,4.03,5
201681_47_11791,201681_47,IBS2,05/19/16,IBAY,42.85765,-70.5305,SPRING,M,U,59,0.42,1.45,3.22,6
201681_47_11792,201681_47,IBS2,05/19/16,IBAY,42.85765,-70.5305,SPRING,M,U,48.5,0.39,1.67,5.06,5
201683_19_4310,201683_19,IBS2,07/05/16,IBAY,42.89985,-70.59601667,SPRING,M,U,42,0.34,1.56,4.16,4
201683_19_4312,201683_19,IBS2,07/05/16,IBAY,42.89985,-70.59601667,SPRING,M,U,53.5,0.4,1.62,4.83,4
201683_19_4316,201683_19,IBS2,07/05/16,IBAY,42.89985,-70.59601667,SPRING,M,U,66,0.64,1.56,3.72,9
201684_100_20968,201684_100,IBS2,11/28/16,MBAY,42.3477,-70.62271667,WINTER,M,U,77,0.54,2.53,4.71,5
201684_100_20972,201684_100,IBS2,11/28/16,MBAY,42.3477,-70.62271667,WINTER,F,R,53.5,0.47,2.74,4.96,5
201684_100_20976,201684_100,IBS2,11/28/16,MBAY,42.3477,-70.62271667,WINTER,M,U,57,0.51,1.5,3.05,8
201684_100_20996,201684_100,IBS2,11/28/16,MBAY,42.3477,-70.62271667,WINTER,M,U,81.5,0.67,2.59,5.12,4
201684_100_21000,201684_100,IBS2,11/28/16,MBAY,42.3477,-70.62271667,WINTER,F,U,81,0.71,2.65,5.35,5
201684_102_21623,201684_102,IBS2,11/28/16,JEFF,42.61926667,-70.46248333,WINTER,F,U,80,0.69,2.84,4.54,5
201684_106_22507,201684_106,IBS2,12/07/16,MBAY,42.3648,-70.64438333,WINTER,M,U,63.5,0.48,2.64,5.54,3
201684_106_22508,201684_106,IBS2,12/07/16,MBAY,42.3648,-70.64438333,WINTER,M,U,64,0.4,2.38,4.8,4
201684_106_22512,201684_106,IBS2,12/07/16,MBAY,42.3648,-70.64438333,WINTER,M,U,49.5,0.3,2.21,4.91,3
201684_106_22513,201684_106,IBS2,12/07/16,MBAY,42.3648,-70.64438333,WINTER,M,U,54.5,0.33,2.3,4.64,3
201684_106_22514,201684_106,IBS2,12/07/16,MBAY,42.3648,-70.64438333,WINTER,M,U,65.5,0.48,2.56,5.76,3
201684_106_22516,201684_106,IBS2,12/07/16,MBAY,42.3648,-70.64438333,WINTER,F,R,78,0.67,2.8,5.23,4
201684_106_22519,201684_106,IBS2,12/07/16,MBAY,42.3648,-70.64438333,WINTER,M,U,60.5,0.43,3.43,6.02,3
201684_106_22521,201684_106,IBS2,12/07/16,MBAY,42.3648,-70.64438333,WINTER,M,U,50.5,0.22,1.29,4.09,2
201684_106_22525,201684_106,IBS2,12/07/16,MBAY,42.3648,-70.64438333,WINTER,M,U,46.5,0.28,4.15,5.71,2
201684_106_22529,201684_106,IBS2,12/07/16,MBAY,42.3648,-70.64438333,WINTER,M,U,77.5,0.48,2.78,4.83,5
201684_106_22531,201684_106,IBS2,12/07/16,MBAY,42.3648,-70.64438333,WINTER,M,U,58.5,0.35,3.17,6.01,3
201684_106_22532,201684_106,IBS2,12/07/16,MBAY,42.3648,-70.64438333,WINTER,M,U,61.5,0.36,3.45,5.83,3
201684_106_22534,201684_106,IBS2,12/07/16,MBAY,42.3648,-70.64438333,WINTER,M,U,75,0.6,3.7,6.09,4
201684_106_22559,201684_106,IBS2,12/07/16,MBAY,42.3648,-70.64438333,WINTER,F,R,44.5,0.39,3.18,4.65,3
201684_106_22563,201684_106,IBS2,12/07/16,MBAY,42.3648,-70.64438333,WINTER,M,U,83,0.62,2.94,5.25,5
201684_106_22595,201684_106,IBS2,12/07/16,MBAY,42.3648,-70.64438333,WINTER,M,U,51.5,0.36,3.25,4.87,4
201684_107_23072,201684_107,IBS2,12/07/16,MBAY,42.36953333,-70.57166667,WINTER,M,R,64,0.54,2.35,5.02,5
201684_107_23073,201684_107,IBS2,12/07/16,MBAY,42.36953333,-70.57166667,WINTER,M,U,62,0.63,2.37,4.36,5
201684_107_23074,201684_107,IBS2,12/07/16,MBAY,42.36953333,-70.57166667,WINTER,F,R,78.5,0.57,2.84,5.27,4
201684_107_23075,201684_107,IBS2,12/07/16,MBAY,42.36953333,-70.57166667,WINTER,F,R,74.5,0.68,3.03,5.67,5
201684_107_23076,201684_107,IBS2,12/07/16,MBAY,42.36953333,-70.57166667,WINTER,F,R,70.5,0.43,3.13,5.63,3
201684_107_23081,201684_107,IBS2,12/07/16,MBAY,42.36953333,-70.57166667,WINTER,F,U,81,0.64,2.29,4.44,5
201684_107_23082,201684_107,IBS2,12/07/16,MBAY,42.36953333,-70.57166667,WINTER,F,U,83,0.79,2.91,5.44,5
201684_107_23086,201684_107,IBS2,12/07/16,MBAY,42.36953333,-70.57166667,WINTER,M,U,69,0.62,3.44,6.16,4
201684_107_23104,201684_107,IBS2,12/07/16,MBAY,42.36953333,-70.57166667,WINTER,F,R,81.5,0.62,2.71,5.15,5
201684_108_23623,201684_108,IBS2,12/07/16,STELL,42.32133333,-70.49191667,WINTER,F,R,86,0.69,2.34,5.19,5
201684_109_23781,201684_109,IBS2,12/07/16,MBAY,42.29208333,-70.55673333,WINTER,F,R,64.5,0.4,2.66,5.79,3
201684_109_23782,201684_109,IBS2,12/07/16,MBAY,42.29208333,-70.55673333,WINTER,M,U,63,0.39,3.33,5.81,3
201684_109_23784,201684_109,IBS2,12/07/16,MBAY,42.29208333,-70.55673333,WINTER,M,R,76,0.63,2.81,5.45,4
201684_109_23785,201684_109,IBS2,12/07/16,MBAY,42.29208333,-70.55673333,WINTER,M,U,70,0.51,2.52,4.29,5
201684_109_23791,201684_109,IBS2,12/07/16,MBAY,42.29208333,-70.55673333,WINTER,M,R,56,0.39,1.96,3.72,4
201684_109_23800,201684_109,IBS2,12/07/16,MBAY,42.29208333,-70.55673333,WINTER,M,U,50.5,0.29,2.54,5.78,2
201684_109_23807,201684_109,IBS2,12/07/16,MBAY,42.29208333,-70.55673333,WINTER,M,U,72.5,0.61,2.93,5.37,5
201684_123_26052,201684_123,IBS2,12/20/16,JEFF,42.51476667,-70.37076667,WINTER,F,R,73,0.59,2.24,4.58,4
201684_131_26911,201684_131,IBS2,12/21/16,WME,43.14685,-70.31885,WINTER,F,R,73.5,0.6,2.56,5.26,4
201684_146_30905,201684_146,IBS2,01/02/17,STELL,42.26391667,-70.46486667,WINTER,M,R,50.5,0.37,2.12,4.1,5
201684_147_31088,201684_147,IBS2,01/02/17,STELL,42.24818333,-70.31038333,WINTER,M,U,48,0.28,3.23,5.15,3
201684_147_31089,201684_147,IBS2,01/02/17,STELL,42.24818333,-70.31038333,WINTER,M,U,51,0.29,3.27,5.61,3
201684_147_31090,201684_147,IBS2,01/02/17,STELL,42.24818333,-70.31038333,WINTER,M,U,44,0.25,1.79,3.83,4
201684_147_31094,201684_147,IBS2,01/02/17,STELL,42.24818333,-70.31038333,WINTER,M,U,39,0.26,1.87,4.14,4
201684_148_31421,201684_148,IBS2,01/02/17,MBAY,42.30616667,-70.5734,WINTER,M,U,39.5,0.2,2.72,4.87,3
201684_157_32242,201684_157,IBS2,01/06/17,CCB,41.88335,-70.39906667,WINTER,M,U,59.5,0.41,2.52,5.84,4
201684_173_33732,201684_173,IBS2,01/15/17,WGOM,43.18651667,-69.95335,WINTER,M,U,55,0.28,1.99,4.39,4
201684_180_34732,201684_180,IBS2,01/19/17,WGOM,42.45566667,-70.08673333,WINTER,M,U,46.5,0.31,2.26,4.67,4
201684_189_36465,201684_189,IBS2,01/29/17,JEFF,42.5584,-70.44328333,WINTER,F,R,57,0.36,2.78,4.93,4
201684_191_37377,201684_191,IBS2,01/29/17,JEFF,42.68275,-70.30135,WINTER,F,U,68,0.5,3.29,5.71,4
201684_191_37378,201684_191,IBS2,01/29/17,JEFF,42.68275,-70.30135,WINTER,M,U,77.5,0.57,2.84,5.32,5
201684_79_16606,201684_79,IBS2,11/19/16,STELL,42.11223333,-70.41668333,WINTER,M,U,72,0.6,2.64,4.72,7
201684_89_18002,201684_89,IBS2,11/25/16,STELL,42.3295,-70.33245,WINTER,M,R,66,0.53,2.96,4.99,5
201684_90_18360,201684_90,IBS2,11/25/16,STELL,42.32728333,-70.305,WINTER,M,U,44.5,0.26,3.12,5.52,2
201780_103_20180,201780_103,IBS2,05/16/17,JEFF,42.7826,-70.39198333,SPRING,F,R,72,0.54,2.55,4.67,6
201780_105_20842,201780_105,IBS2,05/16/17,IBAY,42.84736667,-70.59663333,SPRING,M,U,53.9,0.43,2.46,5.15,5
201780_105_20843,201780_105,IBS2,05/16/17,IBAY,42.84736667,-70.59663333,SPRING,F,R,57,0.4,2.04,4.81,4
201780_105_20844,201780_105,IBS2,05/16/17,IBAY,42.84736667,-70.59663333,SPRING,F,R,81.6,0.74,3.1,5.32,6
201780_105_20845,201780_105,IBS2,05/16/17,IBAY,42.84736667,-70.59663333,SPRING,M,U,50.4,0.42,1.76,4.8,6
201780_105_20846,201780_105,IBS2,05/16/17,IBAY,42.84736667,-70.59663333,SPRING,F,R,81.7,0.74,1.96,4.48,6
201780_105_20847,201780_105,IBS2,05/16/17,IBAY,42.84736667,-70.59663333,SPRING,M,U,61.9,0.57,1.88,4.16,5
201780_105_20848,201780_105,IBS2,05/16/17,IBAY,42.84736667,-70.59663333,SPRING,M,U,68.7,0.51,2.27,5.75,4
201780_105_20849,201780_105,IBS2,05/16/17,IBAY,42.84736667,-70.59663333,SPRING,M,U,43.8,0.3,1.88,4.61,4
201780_106_21109,201780_106,IBS2,05/16/17,JEFF,42.87253333,-70.46778333,SPRING,M,U,61.7,0.4,2.56,4.9,4
201780_106_21114,201780_106,IBS2,05/16/17,JEFF,42.87253333,-70.46778333,SPRING,M,U,48.7,0.48,2.11,4.57,6
201780_106_21115,201780_106,IBS2,05/16/17,JEFF,42.87253333,-70.46778333,SPRING,F,R,58,0.42,1.24,4.57,5
201780_106_21116,201780_106,IBS2,05/16/17,JEFF,42.87253333,-70.46778333,SPRING,M,R,79.5,0.66,1.87,3.55,7
201780_106_21119,201780_106,IBS2,05/16/17,JEFF,42.87253333,-70.46778333,SPRING,M,R,64.8,0.58,1.59,4.12,6
201780_106_21120,201780_106,IBS2,05/16/17,JEFF,42.87253333,-70.46778333,SPRING,M,R,79.3,0.69,2.56,4.68,6
201780_106_21121,201780_106,IBS2,05/16/17,JEFF,42.87253333,-70.46778333,SPRING,F,R,77.7,0.57,2.77,3.88,5
201780_157_32701,201780_157,IBS2,06/25/17,IBAY,42.88245,-70.62881667,SPRING,M,R,59.5,0.47,2.2,4.77,5
201780_157_32702,201780_157,IBS2,06/25/17,IBAY,42.88245,-70.62881667,SPRING,M,U,71.2,0.7,2.08,3.66,7
201780_157_32704,201780_157,IBS2,06/25/17,IBAY,42.88245,-70.62881667,SPRING,M,U,56.1,0.54,1.67,4.17,6
201780_157_32707,201780_157,IBS2,06/25/17,IBAY,42.88245,-70.62881667,SPRING,M,U,69.6,0.74,1.53,3.39,7
201780_157_32710,201780_157,IBS2,06/25/17,IBAY,42.88245,-70.62881667,SPRING,F,U,45.8,0.32,1.48,4.21,4
201780_158_33218,201780_158,IBS2,06/25/17,JEFF,42.9517,-70.44866667,SPRING,M,U,55,0.55,1.57,4.91,6
201780_158_33241,201780_158,IBS2,06/25/17,JEFF,42.9517,-70.44866667,SPRING,M,U,79,0.67,1.54,3.68,7
201780_21_2486,201780_21,IBS2,04/12/17,WGOM,42.30933333,-70.04063333,SPRING,F,U,84,0.82,1.37,3.12,7
201780_25_3302,201780_25,IBS2,04/12/17,STELL,42.42888333,-70.33311667,SPRING,F,U,51,0.39,2.11,4.1,5
201780_25_3319,201780_25,IBS2,04/12/17,STELL,42.42888333,-70.33311667,SPRING,F,R,62,0.6,2.27,4.38,6
201780_26_3868,201780_26,IBS2,04/12/17,STELL,42.43211667,-70.41561667,SPRING,F,R,54,0.33,2.18,4.2,4
201780_26_3871,201780_26,IBS2,04/12/17,STELL,42.43211667,-70.41561667,SPRING,F,U,92,0.76,2.95,5.09,5
201780_78_15428,201780_78,IBS2,05/04/17,STELL,42.32148333,-70.31005,SPRING,M,R,32.3,0.13,2.1,5.15,2
201781_102_18314,201781_102,IBS2,12/15/17,JEFF,42.79523333,-70.46315,WINTER,F,R,71.5,0.54,3,5.75,4
201781_102_18316,201781_102,IBS2,12/15/17,JEFF,42.79523333,-70.46315,WINTER,M,U,75,0.66,3.93,5.59,5
201781_103_18551,201781_103,IBS2,12/15/17,JEFF,42.85976667,-70.44326667,WINTER,M,U,72.9,0.56,4.15,5.44,4
201781_109_19777,201781_109,IBS2,12/17/17,PLATTS,43.17605,-69.56638333,WINTER,M,R,31.3,0.15,2.34,4.19,2
201781_123_23280,201781_123,IBS2,01/10/18,JEFF,42.56591667,-70.4198,WINTER,F,R,57.1,0.31,2.2,5.69,3
201781_123_23281,201781_123,IBS2,01/10/18,JEFF,42.56591667,-70.4198,WINTER,M,U,74.5,0.58,3.17,5.36,6
201781_123_23284,201781_123,IBS2,01/10/18,JEFF,42.56591667,-70.4198,WINTER,M,U,44.7,0.31,1.9,3.35,5
201781_123_23285,201781_123,IBS2,01/10/18,JEFF,42.56591667,-70.4198,WINTER,M,U,63.3,0.51,2.18,4.01,5
201781_123_23286,201781_123,IBS2,01/10/18,JEFF,42.56591667,-70.4198,WINTER,F,R,66.7,0.57,3.27,4.79,6
201781_123_23287,201781_123,IBS2,01/10/18,JEFF,42.56591667,-70.4198,WINTER,M,R,80.9,0.79,2.81,5.36,7
201781_123_23290,201781_123,IBS2,01/10/18,JEFF,42.56591667,-70.4198,WINTER,M,U,56.1,0.38,2.53,4.9,4
201781_123_23291,201781_123,IBS2,01/10/18,JEFF,42.56591667,-70.4198,WINTER,F,R,59.1,0.47,2.61,4.56,5
201781_78_13506,201781_78,IBS2,12/03/17,STELL,42.21318333,-70.45725,WINTER,M,U,51.6,0.35,2.54,4.78,3
201781_78_13507,201781_78,IBS2,12/03/17,STELL,42.21318333,-70.45725,WINTER,M,U,50,0.32,2.96,5.28,3
201781_78_13508,201781_78,IBS2,12/03/17,STELL,42.21318333,-70.45725,WINTER,M,U,56.3,0.43,2.59,4.58,4
201781_78_13509,201781_78,IBS2,12/03/17,STELL,42.21318333,-70.45725,WINTER,M,U,47.3,0.29,1.2,3.06,4
201781_78_13511,201781_78,IBS2,12/03/17,STELL,42.21318333,-70.45725,WINTER,M,U,40,0.23,2.65,4.55,3
201781_86_15292,201781_86,IBS2,12/07/17,JEFF,42.71033333,-70.3295,WINTER,F,R,71.9,0.8,2.03,4.75,8
201781_86_15293,201781_86,IBS2,12/07/17,JEFF,42.71033333,-70.3295,WINTER,M,U,48.9,0.35,3.27,5.86,3
201781_97_16993,201781_97,IBS2,12/09/17,MBAY,42.31138333,-70.61415,WINTER,M,R,45.5,0.29,2.88,4.82,3
201781_98_17454,201781_98,IBS2,12/09/17,MBAY,42.36551667,-70.53603333,WINTER,M,U,73.9,0.62,3.03,6.53,4
201781_98_17455,201781_98,IBS2,12/09/17,MBAY,42.36551667,-70.53603333,WINTER,F,R,73.9,0.46,3.74,6.17,4
201781_98_17456,201781_98,IBS2,12/09/17,MBAY,42.36551667,-70.53603333,WINTER,F,R,60.8,0.39,3.72,5.76,3
201781_98_17457,201781_98,IBS2,12/09/17,MBAY,42.36551667,-70.53603333,WINTER,M,U,67.6,0.5,3.68,6.32,4
201781_98_17463,201781_98,IBS2,12/09/17,MBAY,42.36551667,-70.53603333,WINTER,M,U,68.3,0.44,1.44,3.22,4
201781_98_17467,201781_98,IBS2,12/09/17,MBAY,42.36551667,-70.53603333,WINTER,M,U,58.3,0.37,3.43,6.33,3
201781_98_17468,201781_98,IBS2,12/09/17,MBAY,42.36551667,-70.53603333,WINTER,F,R,52.6,0.31,2.79,4.77,3
201781_98_17470,201781_98,IBS2,12/09/17,MBAY,42.36551667,-70.53603333,WINTER,M,U,67.1,0.5,3.34,5.93,4
201781_98_17474,201781_98,IBS2,12/09/17,MBAY,42.36551667,-70.53603333,WINTER,M,U,61.3,0.51,2.3,5.37,4
201781_98_17477,201781_98,IBS2,12/09/17,MBAY,42.36551667,-70.53603333,WINTER,M,U,70.7,0.55,3.71,6.09,4