Sample,SampleCollectionSheet::CollectionDate,SampleCollectionSheet::CollectionSite,D1,D2,D3,D4,D5,D6,D7,D8,D9,D10,D11,D12,D13,D14,D15,D16,D17,D18,D19,D20,D21,D22,TotalLength,WeightTotal,WeightGonad,WeightLiver,Sex,LeftGillRaker,RightGillRaker,RedGreenRatio,Age,corrected
17_001_Gm,20170604,Coastal_MarbleheadD,1.989191182,5.825146902,1.782412044,4.971208933,4.54875826,4.091817815,4.734981752,6.345796362,5.504996835,3.274307178,6.276657807,4.605230919,5.970131607,4.53180347,5.277649512,3.955964531,4.353046207,1.282629638,3.011563891,4.321492435,3.477030172,2.636618708,21.23843411,1.89,11.95,45.22,Female,21,21,1.54,4,
17_002_Gm,20170604,Coastal_MarbleheadD,2.57711771,7.098559182,2.244499282,5.816130194,5.198737104,4.80030537,5.130576127,6.732001253,6.69243143,3.479788179,7.099673006,4.808177283,7.059839717,5.631155095,5.980370111,4.127871843,4.529483116,1.355668627,3.33241199,5.246462883,3.837504271,2.742407948,25.01130413,2.17,20.19,68.17,Female,19,18,1.13,4,
17_003_Gm,20170709,Coastal_Marblehead,1.770991274,4.563333297,1.481849943,3.174650056,3.439281066,3.059077595,3.182594658,4.159349322,3.038289691,2.446912764,4.027960013,2.929645375,4.128961154,3.29056031,3.92637438,2.570680338,2.897164144,0.83919479,2.382517445,3.291678276,2.641660606,1.844147687,15.55047312,0.56,1.99,3.66,Female,21,20,1.71,2,
17_004_Gm,20170709,Coastal_Marblehead,2.26675266,5.969184618,1.886749771,4.803669055,4.380519693,3.76055731,4.421646955,6.19596319,5.322327937,3.686694354,6.18700485,4.2322527,5.915064737,4.720351543,5.427460148,3.44536499,3.974636568,1.14040835,3.490172711,4.643772447,3.712081743,2.43448337,21.58144054,1.29,14.06,41.36,Female,19,19,1.76,3,x
17_005_Gm,20170709,Coastal_Marblehead,1.615520505,4.170517495,1.404370013,3.113179445,3.121706449,2.759629284,3.111731671,3.862810355,2.763845296,2.276416497,4.015537799,2.967621593,4.464612654,3.489832355,3.829442134,2.81286292,3.313740789,0.910036237,2.736296732,3.352767089,2.797934441,1.883456796,15.31478871,0.52,1.08,1.95,Female,21,20,1.57,,
17_006_Gm,20170709,Coastal_Marblehead,1.763355666,4.720271228,1.699828759,3.619852097,3.666180212,3.225301883,3.539998876,4.402975045,3.367230978,2.457023612,4.506409242,3.271576964,4.691942332,3.733741768,4.309211135,2.807744229,3.224990213,1.014746146,2.749589548,3.599137257,3.047821204,2.092274222,16.67826466,0.76,,0.57,Unknown,,,1.33,3,
17_007_Gm,20170709,Coastal_Marblehead,1.793412792,4.756608796,1.466656544,3.537118929,3.655556599,3.354986305,3.601735636,4.838741643,3.742261761,2.925569684,5.01064872,3.695320966,5.200963242,4.193478847,4.43643706,3.075691216,3.58310486,1.169477927,2.71222912,3.559945975,3.035824233,2.253605334,17.26600058,0.97,3.9,10.76,Female,16,20,1.74,3,
17_008_Gm,20170714,Coastal_Ipswich_A,2.140794632,5.572197953,1.586035909,4.897859183,4.138199191,3.814073549,4.232019119,5.540996508,5.00844707,2.84139809,5.632439142,4.015961283,5.640017206,4.099731642,4.77016875,3.512782891,4.096852084,1.175180486,3.043185729,4.188360403,3.278203408,2.532598161,19.83093126,0.97,6.2,27.88,Female,18,19,1.42,3,
17_009_Gm,20170714,Coastal_Ipswich_A,1.711172497,4.361621981,1.2946486,4.006371494,3.244017595,2.87763087,3.596167822,4.716721582,4.086424903,2.234811293,4.577344688,3.465445481,5.122396503,4.17803844,4.524800911,3.047909936,3.341321021,0.977491669,2.819142402,3.873379413,3.172842872,2.058963773,17.28122876,0.69,1.41,14.9,Female,21,20,1.14,2,
17_010_Gm,20170714,Coastal_Ipswich_B,1.836543681,5.19896586,1.334524512,3.957128196,4.146657999,4.188298926,3.692307148,4.940490711,4.276276793,2.601387026,4.818055129,3.434181021,4.954253078,3.86155562,4.393586284,3.03336561,3.439164469,1.045903279,2.790489881,3.820492472,3.085227088,2.09043335,17.81049175,0.69,2.7,8.05,Female,20,15,1.69,3,
17_011_Gm,20170714,Coastal_Ipswich_A,2.436023468,6.12401092,2.006677434,5.662059766,4.765013335,3.913299832,5.709217512,7.555971113,7.113974343,3.576919053,7.376843958,5.306000565,6.973450672,5.509349207,6.00206989,3.588274045,4.252265418,1.401840119,3.02393849,4.847566326,3.46863476,2.913018778,23.33862853,2.02,6.52,90.31,Male,23,21,1.46,5,
17_012_Gm,20170714,Coastal_Ipswich_B,1.668611109,4.442030247,1.323179068,3.917341311,3.170677837,2.938863015,3.402983165,4.611604054,4.00534686,2.353476952,4.52257248,3.359678913,5.05390104,4.041635729,4.166087406,3.019215527,3.365954962,0.959879861,2.440402262,3.557036807,2.756860198,2.079216362,16.64375304,0.64,1.06,16.99,Male,23,21,1.38,,x
17_013_Gm,20170714,Coastal_Ipswich_B,2.368674482,6.261304746,1.893337454,5.528485038,4.481442719,4.271630485,4.826644534,6.405573478,5.023981493,3.442895093,5.875645886,4.230064498,6.260942065,4.924258461,5.743959441,3.161049306,3.824136142,1.285679026,2.949399433,5.078515432,3.290909243,2.630094234,21.98867349,1.16,2.28,23.77,Male,21,21,1.39,4,
17_014_Gm,20170714,Coastal_Ipswich_B,1.872478265,6.064759778,1.932940764,5.600480645,4.716735423,4.23257824,5.23143353,7.021513122,5.963694086,3.729034569,6.870279477,4.970646707,7.483110744,6.232586898,6.344877962,4.094413989,4.605373355,1.458826547,3.331355431,5.44409752,3.819575398,2.81337536,23.86251055,2.15,4.47,93.71,Male,21,20,1.38,4,
17_015_Gm,20170714,Coastal_Ipswich_B,1.853934605,5.116694533,1.68444156,4.828053688,3.566763701,3.013897662,4.594711033,6.066221275,5.396511877,2.74607539,5.775671087,4.405980386,5.849048513,4.524922602,5.111649785,3.276530861,3.781841068,1.237030604,2.830808963,4.288765026,3.226226971,2.436779121,19.29647318,1.03,2.46,47.54,Male,21,19,1.39,4,
17_016_Gm,20170714,Coastal_Ipswich_B,1.824339349,5.084630261,1.878705338,4.742164329,3.867699436,3.252093861,4.655288445,6.10603444,5.050134444,3.064631686,5.813974401,4.305060325,6.103135858,4.935251033,5.334334143,3.225212619,3.790535228,1.198585866,2.9218898,4.549211823,3.212065877,2.400514342,19.94389975,1.27,2.63,60.7,Male,19,21,1.51,3,
17_017_Gm,20170714,Coastal_Ipswich_B,2.671864397,7.01347011,2.23041468,5.731372367,4.988354774,4.401890374,5.228307155,7.278754817,6.36722259,4.15058571,7.418409599,5.274703833,7.246917587,5.642932607,6.185726854,3.63087699,4.370360336,1.412833656,3.632775471,5.337634014,3.924281587,2.886849689,24.79859127,2.33,7.1,106.7,Male,21,19,1.22,,
17_018_Gm,20170714,Coastal_Ipswich_C,1.55513639,4.17841297,1.437099086,3.451742809,2.781204039,2.45507905,3.267625326,4.530314591,3.401684138,2.568232896,4.110976047,3.048615698,4.688169142,3.423910157,4.058776869,2.771579658,3.35742198,0.998314972,2.636101024,3.859274849,2.71039743,2.004576672,15.74019767,0.49,1.85,6.99,Female,19,19,1.49,2,
17_019_Gm,20170714,Coastal_Ipswich_C,2.082404576,5.96060995,2.026450619,5.165841307,4.207098312,3.600163469,4.692287906,6.065425823,5.258807694,2.996669103,5.938630915,4.31803741,6.379088723,4.710316045,5.141302011,3.863099949,4.298571006,1.223134797,3.121718837,4.809864477,3.49623565,2.556687697,21.51591004,1.37,12.72,36.28,Female,19,19,1.3,3,x
17_020_Gm,20170714,Coastal_Ipswich_C,2.165994971,5.807115855,2.034540886,4.490389225,3.777932765,3.205740612,4.349668856,5.771116943,4.970764971,3.08734658,5.797720628,4.165119931,5.967210322,4.802120834,5.205908198,3.361705053,3.659522196,1.131433824,2.832939873,4.461530994,3.333297483,2.371172184,20.22193211,1.07,5.85,26.97,Female,19,18,1.55,,x
17_021_Gm,20170719,Burnham_Rocks,1.913134499,5.214958112,1.63811448,4.404003197,4.099729254,3.662269061,4.417050429,5.565725818,4.661306171,2.869649966,5.814707678,4.308533909,5.92622503,4.546661771,4.858914206,3.415777691,3.895429628,1.207981716,3.020896898,4.141761025,3.381172404,2.425916045,19.57822111,1.31,2.42,46.03,Male,20,19,1.49,,
17_022_Gm,20170719,Burnham_Rocks,1.638869916,4.175461862,1.533135327,3.161944082,2.793210767,2.289076554,3.277965621,4.246417197,3.336977856,2.152893033,3.974359816,2.962448043,4.277762549,3.16828028,3.773083468,2.607898999,2.923751652,0.911138798,2.149702808,3.517754292,2.445384011,1.757509465,14.72684494,0.58,3.6,9.2,Female,19,18,1.4,3,
17_023_Gm,20170719,Burnham_Rocks,1.592489603,4.201655327,1.407110369,2.941329824,3.197276276,2.916341198,2.921172441,3.444844659,2.852459007,1.78401193,3.764995343,2.724868589,4.069716724,3.30958426,3.508021766,2.475568391,2.59931604,0.90806227,2.11204531,2.972393702,2.592781272,1.672453511,13.9653002,0.24,0.48,5.42,Male,19,19,1.35,3,
17_024_Gm,20170720,Coastal_MarbleheadE,1.903190733,5.023798864,1.662844128,3.43908554,3.806187591,3.399534932,3.746214492,4.602870149,3.580852956,2.531883583,4.864477081,3.569467778,5.06271988,4.142729151,4.529521078,2.325361391,2.779132772,1.035954901,2.374262771,3.719286751,2.781640358,2.133020926,16.61446389,0.93,0.78,21.97,Male,19,20,1.33,2,
17_025_Gm,20170720,Coastal_MarbleheadE,1.864349045,4.932002484,1.775794844,2.770294227,3.423758832,3.057762559,3.264028013,4.353823107,3.830638882,3.135870548,5.178522101,3.331219705,4.772818451,4.130132326,4.428103974,2.71573486,3.084227521,0.965729674,2.788943338,3.503937483,3.08312797,2.004248138,16.85571712,0.75,0.56,11.49,Male,19,20,1.26,2,
17_026_Gm,20170720,Coastal_MarbleheadE,2.053559604,6.13373338,1.834714511,6.684022954,5.068972549,4.204251766,6.315769178,9.041737492,7.783333159,4.757469869,8.263824173,6.008254243,8.452077202,6.574968246,7.193520598,4.551754102,5.328762886,1.675895958,4.344278502,6.073560287,4.817851921,3.585010552,28.319563,3.96,34.19,171.9,Female,20,19,1.56,,
17_027_Gm,20170720,Coastal_MarbleheadE,1.382991858,3.939256832,1.2781807,3.303796226,3.059904228,2.726368544,3.382544137,4.470519369,3.535980212,2.491966594,4.441050961,3.264484234,4.804873682,3.614290128,4.21748634,2.850223686,3.162109562,0.962915857,2.526680412,3.834895569,2.8927374,2.032606754,16.06373296,0.72,0.66,15.22,Male,20,20,1.38,2,
17_028_Gm,20170720,Coastal_MarbleheadE,1.691836974,4.912961942,1.528421677,4.600472433,3.659124492,3.228303582,4.626368397,6.18933127,4.78615636,3.113612215,5.451347471,4.113332525,5.685240596,4.4988177,5.370083659,3.372547991,3.922736603,1.28254536,3.085552721,4.440000646,3.478991895,2.577936043,19.8549375,1.3,6.31,33.22,Female,20,21,1.67,2,
17_029_Gm,20170720,Coastal_MarbleheadE,1.295027872,3.548350026,1.140788095,2.886948636,3.139662819,2.722627185,2.948731243,3.396913154,2.65976852,1.837828082,3.80266875,2.759345484,4.303804256,3.15951742,3.366940999,2.529046266,2.868298674,0.840802592,2.102968598,3.210330397,2.341344398,1.753478182,13.70704364,0.43,1.03,8.62,Female,20,19,1.38,2,
17_030_Gm,20170816,Coastal_MarbleheadF,2.106674619,5.641579357,1.445301191,5.433358891,5.23652471,4.794556922,5.638641865,7.271357482,6.256916306,3.567164657,7.340393357,5.508923346,7.766487684,6.259176037,6.87166116,4.391260693,5.037841755,1.603918572,3.883645198,5.725374609,4.391542676,3.235759952,25.45818626,2.44,17.5,93.06,Male,21,22,1.15,4,
17_031_Gm,20170816,Coastal_MarbleheadF,2.351438624,6.206170192,2.028530223,5.220014767,4.398467163,3.916254203,4.907428844,6.592909767,5.608288018,3.410947327,6.368472426,4.660003854,7.0288667,5.271081741,5.770129254,3.934441374,4.643132461,1.493213611,3.671434154,5.214667825,4.038667769,2.984028109,23.55302016,2.25,17.5,93.06,Female,19,19,1.56,4,
17_032_Gm,20170816,Coastal_MarbleheadF,2.085548024,5.830915139,1.431105156,4.892930028,5.189834007,5.079637851,4.707214722,6.059412248,4.964645191,3.55232543,6.407259085,4.518276505,6.423366613,4.876903019,5.565069674,3.896480071,4.447231354,1.380883117,3.366238609,4.779578356,3.804528612,2.835704307,22.26050514,2.26,6.22,77.21,Male,19,18,1.17,3,
17_033_Gm,20170816,Coastal_MarbleheadF,1.919366792,4.922303171,1.399656097,3.986328824,3.900954491,3.742285744,3.619008097,4.823246412,3.787376414,2.693031708,4.624491778,3.347716605,5.057377121,3.764206373,4.412141824,3.15914781,3.500205902,1.040224311,2.92393534,4.108355708,3.270114125,2.134577544,18.15187303,0.89,8.71,20.2,Female,19,19,1.09,3,
17_034_Gm,20170816,Coastal_MarbleheadF,2.763999927,7.449090926,2.354288719,6.338074863,5.733736468,5.031351307,6.103506482,7.801900932,6.299134927,4.02576831,7.648427298,5.621935209,8.179551611,6.331615265,6.699143063,4.481944033,4.958537484,1.621242766,3.67250473,5.900096499,4.383802876,3.280467871,27.14461701,3.46,58.33,141.14,Female,21,21,1.3,4,
17_153_Gm,20170908,Coastal_MarbleheadB,1.44,4.35,1.44,4.07,3.63,3.26,3.77,4.7,3.88,3.1,5.06,3.66,5.01,4.15,4.83,3.29,3.57,1.04,2.86,3.98,3.24,2.09,17.94,0.96,3.09,20.35,Female,,,1.22,2,
17_154_Gm,20170908,Coastal_MarbleheadB,1.39,4.16,1.3,3.38,3.1,2.91,3.23,4.56,3.71,2.59,4.13,2.88,4.32,3.49,4.09,2.51,2.76,0.82,2.2,3.59,2.53,1.79,15.61,0.69,2.46,7.57,Female,19,19,1.31,2,x
17_155_Gm,20170908,Coastal_MarbleheadB,2.13,5.85,2.04,5.39,4.25,3.5,5.2,6.5,5.7,3.31,6.39,4.96,6.64,4.89,5.7,3.7,4.22,1.26,3.17,5.12,3.57,2.72,22.2,1.89,132.18,56.4,Male,20,20,1.46,3,
17_156_Gm,20170908,Coastal_MarbleheadB,1.93,5.62,1.52,4.99,4.53,4.17,4.68,6.06,5.44,3.38,6.31,4.63,5.87,4.96,5.58,3.25,3.72,1.24,3.19,4.21,3.65,2.58,20.8,1.79,98.52,38.22,Male,21,21,1.24,3,
17_284_Gm,20171006,Stellwagon_Bank_A,2.42,6.11,2.09,4.82,4.33,3.72,4.39,6.2,5,3.5,6.2,4.4,6.41,5.31,5.73,3.41,4.01,1.29,3.48,4.85,3.7,2.54,21.96,1.76,146.2,78.54,Male,,,1.17,,
17_285_Gm,20171006,Stellwagon_Bank_A,3.06,7.66,2.57,5.72,5.14,4.69,4.85,6.41,5.36,3.98,6.52,4.67,7.57,5.43,6.36,4.6,5.02,1.38,3.53,6.38,4.04,3.13,25.91,2.77,45.61,104.9,Male,,,1.06,3,
17_286_Gm,20171006,Stellwagon_Bank_A,2.82,7.62,2.61,5.85,5.1,4.62,5.45,7.46,6.66,3.88,6.79,4.93,7.37,5.61,6.39,4.39,5,1.54,3.77,5.73,4.08,3.09,25.63,3.3,74.57,219.05,Female,,,1.15,4,
17_287_Gm,20171006,Stellwagon_Bank_A,2.24,5.57,2.27,4.23,3.74,3.05,3.54,4.83,4.03,2.89,5.06,3.52,5.75,4.14,4.59,3.55,3.92,1.17,2.79,3.97,3.15,2.39,19.43,1.17,4.41,17.47,Male,,,1.15,3,
17_288_Gm,20171006,Stellwagon_Bank_A,2.91,7.51,2.42,6.44,5.18,4.66,5.45,7.33,6.28,4.43,7.14,4.84,7.71,6.4,7.27,4.52,4.92,1.45,4.2,6.45,4.7,3.05,27.76,3.48,19.22,139.5,Male,,,1.06,4,
17_289_Gm,20171006,Stellwagon_Bank_A,2.98,7.01,2.8,4.7,4.14,3.59,4.33,5.34,4.52,3.36,5.8,4.11,6.18,4.37,5.12,3.43,4.05,1.2,2.86,5,3.21,2.6,21.47,1.64,5.58,78.72,Male,,,1.1,,
17_290_Gm,20171006,Stellwagon_Bank_A,2.26,5.8,1.97,4.44,4.05,3.68,3.95,5.14,4.13,2.91,5.18,3.9,5.93,4.6,5.06,3.39,4.03,1.21,3.2,4.59,3.35,2.38,20.01,1.37,15.2,50.6,Female,,,1.07,,
17_291_Gm,20171006,Stellwagon_Bank_A,2.49,6.4,2.46,4.93,4.29,3.55,4.63,6.13,5.45,3.2,6.2,4.54,7.16,5.98,6.28,3.7,4.48,1.44,2.85,5.48,4.04,2.78,23.38,2.18,139.05,71.12,Male,,,1.11,,
17_292_Gm,20171006,Stellwagon_Bank_A,2.85,7.29,2.63,5.52,4.63,4.03,4.74,6.56,6.35,3.69,6.86,4.58,7.12,5.74,6.18,5.04,5.27,1.4,4.16,5.4,4.75,2.92,26.37,2.72,3.94,88.22,Male,24,22,1.09,,
17_293_Gm,20171006,Stellwagon_Bank_A,2.6,6.65,2.27,5.39,4.78,4.17,4.88,6.62,5.82,3.69,6.67,4.63,5.01,5.39,5.84,4.02,4.41,1.23,3.34,5.33,3.82,2.79,23.74,,,,,,,1.06,,
17_294_Gm,20171006,Stellwagon_Bank_A,3.14,8.03,2.42,6.63,5.91,5.61,5.4,7.24,6.57,4.11,7.73,5.4,8.53,6.25,6.74,4.68,5.14,1.48,3.59,6.55,4.24,3.42,28.33,4.51,175.91,162.36,Female,20,19,1.07,,
17_295_Gm,20171006,Stellwagon_Bank_A,2.75,7.02,2.25,5.87,4.81,4.37,5.03,6.93,6.43,3.63,6.91,4.88,7.62,5.56,6.22,4.28,4.79,1.36,3.59,6.04,4.07,3.12,25.11,2.86,27.32,213.41,Female,23,23,1.05,,
17_296_Gm,20171006,Stellwagon_Bank_A,2.68,6.7,2.25,5.44,4.9,4.24,5.16,7.13,6.26,4.11,7.24,5.02,7.09,5.27,6.18,3.99,4.33,1.28,3.48,5.6,4.09,2.98,24.64,3.2,238.23,119.54,Male,21,22,1.08,,
17_297_Gm,20171006,Stellwagon_Bank_A,2.82,7.05,2.32,5.41,5.17,5.03,4.15,5.82,4.86,3.62,6.14,4.37,6.65,5.18,5.81,3.83,4.45,1.33,3.4,5.16,3.72,2.81,23.62,2.73,61.82,121.22,Male,21,20,1.04,,
17_298_Gm,20171006,Stellwagon_Bank_A,2.36,6.13,2.13,4.66,4.17,3.85,4.3,5.93,5.35,3.36,6.31,4.55,6.67,4.75,5.37,3.63,4.27,1.31,2.92,5.08,3.27,2.79,21.76,2.02,149.3,59.79,Male,20,22,1.26,,
17_299_Gm,20171006,Stellwagon_Bank_A,2.71,6.62,2.4,4.54,4.09,3.54,4.17,5.67,5.26,3.51,6.25,4.13,6.6,5,5.1,3.82,4.19,1.17,2.74,4.81,3.17,2.6,21.71,,,,,,,1.18,,
17_300_Gm,20171006,Stellwagon_Bank_A,2.95,7.31,2.64,5.25,4.72,4.04,5.08,7.27,6.6,4.17,7.48,5.3,6.95,5.31,5.95,4.07,4.53,1.33,3.46,4.93,3.96,2.95,24.64,3.47,236.4,133.45,Male,21,20,1.15,,
17_301_Gm,20171006,Stellwagon_Bank_A,2.79,7.14,2.38,5.49,4.94,4.21,5.04,7.53,6.08,4.77,7.33,5.2,7.28,5.62,6.33,4.34,4.69,1.44,3.52,5.32,4.23,3.18,25.01,,,,,19,19,1.31,,
17_302_Gm,20171006,Stellwagon_Bank_A,2.54,6.51,2.31,4.79,4.38,3.95,4.3,5.99,5.4,3.49,6.12,4.14,6.45,4.68,5.32,4.02,4.31,1.23,2.95,5.06,3.52,2.77,22.7,,,,,,,1.11,,
17_303_Gm,20171006,Stellwagon_Bank_A,3.54,9.99,3.02,8.09,6.53,5.87,6.5,9.09,9.12,4.78,9.22,6.19,10.15,7.92,7.62,5.35,5.9,1.71,4.09,7.03,4.83,3.95,33.16,,,,,23,,1.11,,
17_304_Gm,20171006,Stellwagon_Bank_A,3,7.8,2.47,6.09,5.54,4.88,5.53,7.52,7.13,3.94,7.86,5.61,8.5,6.06,6.68,4.67,5.19,1.47,3.39,6.47,4,3.5,27.46,,,,,20,21,1.08,,
17_305_Gm,20171006,Stellwagon_Bank_A,2.65,7.09,2.51,4.45,4.83,4.22,4.64,6.26,5.52,4.18,7.16,4.77,7.15,5.61,5.96,4.2,4.43,1.26,3.15,5.19,3.83,2.96,24.17,2.35,111.01,72.27,Male,22,22,1.08,,
17_306_Gm,20171006,Stellwagon_Bank_A,2.28,5.82,2.18,5.01,4.09,3.38,4.5,6.08,5.31,3.28,6.06,4.33,6.52,5.05,5.47,3.66,4.19,1.18,3.33,4.94,3.62,2.62,22.08,2.02,180.53,52.71,Male,19,19,1.09,,
17_307_Gm,20171006,Stellwagon_Bank_A,2.38,5.9,2.09,4.55,4.11,3.65,4.16,5.27,4.57,2.78,5.4,3.79,5.99,4.59,4.86,3.34,3.6,1.03,2.54,4.57,3.01,2.32,20.15,1.63,115.15,33.79,Male,23,22,1.05,,
17_308_Gm,20171003,Stellwagon_Bank_A,2.74,7.11,2.31,5.86,4.81,4.16,5.27,7.24,6.39,3.62,6.77,4.92,7.39,5.76,6.47,4.28,4.74,1.39,3.52,5.76,4.06,3.07,25.61,3.22,12.54,207.25,Male,22,22,1,,
17_309_Gm,20171006,Stellwagon_Bank_A,2.51,6.25,2.21,4.64,4.37,3.85,4.46,6,4.83,3.44,5.96,4.3,6.16,4.45,5.5,4,4.16,1.19,3.16,5.14,3.79,2.65,22.09,2,3.25,61.66,Male,20,20,1.09,,
17_310_Gm,20171006,Stellwagon_Bank_A,2.51,6.16,2.07,4.67,4.17,3.84,3.98,5.35,4.58,3.15,5.63,3.97,6.39,5.07,5.64,3.74,4.26,1.27,3.35,5.22,3.67,2.5,22.06,,,,,,,1.09,,
17_311_Gm,20171006,Stellwagon_Bank_A,2.68,7.23,2.45,5.55,4.85,4.17,5.07,6.46,5.35,3.28,6.44,4.74,6.41,5.29,5.95,3.56,3.97,1.2,3.44,4.68,3.94,2.82,23.16,2.61,80.77,124.8,Male,19,19,1.04,,
17_313_Gm,20171015,Coastal_MarbleheadB,1.92,5.64,1.84,4.92,4.39,3.95,4.39,6.05,5.11,3.55,5.91,4.02,6.32,4.48,5.29,4.13,4.31,1.15,2.9,5.18,3.51,2.74,21.87,1.53,8.22,46.86,Male,22,21,1.13,,
17_314_Gm,20171015,Coastal_MarbleheadB,1.68,4.38,1.57,3.74,2.69,2.36,3.3,4.07,3.48,1.91,4.07,3.02,5.05,3.99,4.29,3.11,3.47,0.91,2.75,4,2.96,1.98,17.02,0.63,5.21,7.97,Male,,19,1.13,,
17_315_Gm,20171015,Coastal_MarbleheadB,1.61,3.78,1.4,2.52,2.4,2.22,2.43,3.34,2.5,2.03,3.36,2.53,3.69,2.97,3.48,2.14,2.34,0.72,1.86,2.91,2.21,1.67,12.8,0.32,0.59,5.42,Female,21,22,1.54,,x
17_316_Gm,20171015,Coastal_MarbleheadB,1.04,3.12,0.89,3,2.2,1.96,2.72,4.04,3.18,2.31,3.57,2.63,3.83,2.88,3.54,2.54,2.64,0.79,2.1,3.21,2.52,1.68,13.54,0.38,0.25,5.46,Male,21,21,1.31,,x
17_317_Gm,20171019,Coastal_MarbleheadB,1.54,3.71,1.24,3.18,3.02,2.73,2.81,3.72,3.28,1.95,3.89,2.89,4.34,3.41,3.56,2.55,2.85,0.89,2.21,3.15,2.5,1.73,15.05,0.47,14.39,4.36,Male,19,15,1.33,,
17_318_Gm,20171019,Coastal_MarbleheadB,1.39,3.36,1.23,2.44,2.38,2.18,2.27,2.96,2.45,1.6,3.01,2.2,3.42,2.76,2.97,2.37,2.41,0.66,1.86,2.63,2.19,1.36,11.89,0.29,0,3.71,Immature,19,21,1.3,,
17_319_Gm,20171019,Coastal_MarbleheadB,1.31,3.67,1.19,3.06,2.85,2.57,2.73,3.47,2.93,1.86,3.55,2.52,3.85,3.05,3.27,2.14,2.45,0.67,2.08,2.94,2.21,1.49,13.45,0.1,1.1,5.98,Female,17,18,1.3,,
17_320_Gm,20171019,Coastal_MarbleheadH,2.23,5.82,1.64,4.86,4.47,4.28,4.46,6.11,4.82,3.51,6.08,4.54,6.37,5.06,5.87,3.85,4.29,1.25,3.29,4.89,3.76,2.8,22.3,1.91,27.87,61.07,Male,20,19,1.51,,x
17_321_Gm,20171019,Coastal_MarbleheadH,1.18,3.17,1.21,2.42,2.3,1.96,2.45,2.99,2.7,1.43,3.31,2.47,3.95,3.18,3.02,1.99,2.33,0.7,1.84,2.7,2,1.5,11.99,0.32,0,7.24,Immature,21,22,1.36,,x
17_323_Gm,20171019,Coastal_MarbleheadI,1.84,4.89,1.6,3.58,3.88,3.46,3.55,4.36,3.29,2.32,4.46,3.33,4.84,3.71,4.16,2.94,3.15,0.86,2.32,3.77,2.68,1.94,16.85,1.34,2.51,8.38,Female,20,19,1.33,,x
17_324_Gm,20171019,Coastal_MarbleheadI,1.86,5.51,1.46,4.88,4.65,4.27,4.48,5.48,4.2,2.94,5.76,4.32,6.34,4.79,5.42,4.19,4.63,1.31,3.68,4.92,4.05,2.61,21.29,1.61,147.43,53.46,Male,19,19,1.09,,
17_326_Gm,20171019,Coastal_MarbleheadA,2.08,5.86,1.78,4.95,5,4.69,4.66,6.26,5.48,3.72,6.73,4.7,7.68,6.09,6.41,4.04,4.56,1.37,3.47,5.92,3.95,2.98,24.58,2.25,78.22,100.26,Female,21,19,1.39,,x
17_327_Gm,20171019,Coastal_MarbleheadA,2.19,5.75,1.58,4.38,4.78,4.64,4.23,5.46,4.27,3.32,5.66,3.97,6.08,4.66,5.61,3.81,4.04,1.1,3.24,5.28,3.71,2.45,21.78,1.48,64.38,38.58,Male,21,20,1.32,,x
17_328_Gm,20171019,Coastal_MarbleheadA,1.64,4.47,1.43,3.34,3.17,2.99,3.08,4.28,3.23,2.74,4.18,2.94,4.68,3.76,4.39,2.62,2.84,0.87,2.24,4.03,2.64,1.86,16.42,0.7,0.34,8.01,Male,21,20,1.37,,
17_325_Gm,20171019,Coastal_MarbleheadI,1.51,4.19,1.31,3.15,3.44,3.03,3.2,4.12,3.4,2.53,4.48,3.11,5.08,4,4.43,2.99,3.41,0.93,2.81,4.12,2.99,2.02,17.09,0.65,0.46,8.04,Male,20,18,1.02,,
16_215_Gm,20160610,Coastal_MarbleheadA,1.99,5.27,1.61,3.74,4.22,4.07,3.61,4.38,3.41,2.62,4.84,3.42,5.14,4.4,4.47,3.01,3.49,1.04,2.96,3.52,3.21,2.22,18.24,,,,,,,1.32,,
16_216_Gm,20160610,Coastal_MarbleheadA,1.87,5.3,1.65,4.13,4.22,3.93,4.26,5.19,3.94,2.65,5.19,3.87,5.88,4.43,5.01,3.41,3.7,1.05,2.77,4.67,3.22,2.38,19.56,,,,,,,1.2,,
16_217_Gm,20160610,Coastal_MarbleheadA,1.75,5.09,1.33,4.69,4.24,3.88,4.41,6.3,5.05,3.71,5.92,4.23,6,4.78,5.7,3.64,4.21,1.19,3.67,4.9,3.89,2.56,21.7,,,,,,,1.38,,
16_218_Gm,20160610,Coastal_MarbleheadB,2.69,6.9,2.25,5.97,5.21,4.46,5.5,6.86,5.73,3.64,7.09,5.05,7.61,5.99,6.3,4.96,5.57,1.56,4.79,5.56,5.11,3.05,26.63,,,,,,,1.7,,
16_219_Gm,20160610,Coastal_MarbleheadB,1.49,3.94,1.27,2.75,2.99,2.86,2.78,3.61,2.76,2.08,3.59,2.59,3.72,3.02,3.3,2.48,2.67,0.74,2.15,2.79,2.42,1.51,13.58,,,,,,,1.42,,
16_220_Gm,20160610,Coastal_MarbleheadC,2.65,6.71,2.44,5.6,5.07,4.36,5.32,7.25,5.74,4.09,7.11,5.28,7.36,5.14,5.99,5.07,5.55,1.54,3.97,5.38,4.51,3.32,25.92,,,,,,,1.2,,
16_221_Gm,20160811,Stellwagon_Bank_A,1.38,4.11,1.15,3.34,3.37,3.25,3.15,4.24,3.63,2.42,4.39,3.13,5.04,4.07,4.36,2.83,3.21,0.92,2.53,3.93,2.78,1.98,16.47,,,,,,,1.12,,
16_223_Gm,20160811,Stellwagon_Bank_A,2.14,5.87,2.01,4.93,4.33,3.79,4.63,6.26,5.48,3.72,6.58,4.51,6.83,5.26,5.8,4.29,4.84,1.61,3.96,5.23,4.38,2.68,22.99,,,,,,,1,,
16_224_Gm,20160811,Stellwagon_Bank_A,2.09,5.54,1.45,4.77,4.51,4.26,4.3,5.99,4.99,3.42,5.9,4.27,6.27,5.34,5.93,3.83,4.14,1.3,3.32,4.9,3.94,2.74,22.26,,,,,,,1.02,,
16_225_Gm,20160811,Stellwagon_Bank_B,2.3,6.59,1.65,5.23,5.37,5.37,4.29,6.13,5.51,3.42,6.2,4.47,6.72,5.02,5.95,4.01,4.57,1.26,3.87,5.52,4.16,2.85,23.49,,,,,,,1.01,,
16_226_Gm,20160811,Stellwagon_Bank_B,1.51,4.56,1.33,4.08,3.63,3.37,3.78,5.29,4.55,2.85,5.02,3.6,5.04,4.02,4.92,3.48,3.85,1.01,3.34,4.11,3.63,2.3,18.96,,,,,,,1.01,,
16_227_Gm,20160811,Stellwagon_Bank_B,2.05,5.52,1.59,4.16,4.72,4.78,3.66,4.55,3.59,2.24,4.77,3.74,5.19,3.88,4.53,3.28,3.56,1.1,2.73,3.86,3.24,2.34,18.53,,,,,,,1.01,,
16_228_Gm,20160811,Stellwagon_Bank_B,1.96,5.27,1.08,4.36,4.53,4.64,4.01,5.69,4.58,3.36,5.65,4.19,6.19,4.93,5.58,3.68,4.08,1.23,3.18,4.83,3.64,2.59,21.56,,,,,,,0.94,,
16_229_Gm,20160811,Stellwagon_Bank_B,2.42,5.97,1.73,4.94,4.45,4.06,4.66,7.03,5.9,4.13,6.42,4.48,6.45,5.02,5.63,3.86,4.37,1.34,3.66,4.93,4.04,2.66,23.36,,,,,,,1.07,,
16_230_Gm,20160811,Stellwagon_Bank_B,1.98,6.68,1.98,5.95,5.47,4.93,5.38,7.86,6.56,4.77,7.4,5.01,7.27,5.57,6.65,4.86,5.22,1.49,4.23,5.93,4.82,3.08,27.07,,,,,,,1.05,,
16_231_Gm,20160811,Stellwagon_Bank_B,2.64,7.27,2.4,6.24,4.91,4.26,5.63,7.94,7.7,4.09,8,5.69,8.54,6.47,6.87,4.95,5.58,1.56,3.89,6.35,4.31,3.34,27.81,,,,,,,1.11,,
16_232_Gm,20160811,Stellwagon_Bank_B,2.46,6.26,2.04,4.87,4.37,3.93,4.16,6.23,5.43,3.48,5.74,4.09,6.2,4.79,5.83,3.8,4.09,1.2,3.62,5.32,4.13,2.63,22.78,,,,,,,1.15,,
16_233_Gm,20160811,Stellwagon_Bank_B,2.35,6.42,2.11,4.93,4.68,4.28,4.4,6.09,4.64,3.86,5.97,4.2,6.32,4.89,5.68,4.02,4.3,1.24,3.33,5.15,3.86,2.61,22.67,,,,,,,1.08,,
16_234_Gm,20160811,Stellwagon_Bank_B,2.32,6.19,1.76,5.67,4.75,4.22,5.14,7.19,6.41,3.72,7.24,5.49,6.69,5,6.33,3.99,4.57,1.33,3.79,5.07,4.22,3.11,24.17,,,,,,,1.09,,
16_235_Gm,20160811,Stellwagon_Bank_B,3.14,7.98,3.05,5.43,4.87,4.21,5.08,7.11,6.26,4.12,7.14,4.9,7.23,5.82,6.46,4.14,4.47,1.36,3.55,5.6,4.18,2.93,25.53,,,,,,,1.09,,
16_236_Gm,20160811,Stellwagon_Bank_B,2.99,7.68,2.74,4.95,5.15,4.55,4.7,6.44,5.82,3.69,6.84,4.83,6.82,5.48,6.53,3.68,4.31,1.48,4.01,5.55,4.43,2.94,24.07,,,,,,,1.1,,
16_237_Gm,20160811,Stellwagon_Bank_B,2.78,7.28,2.33,6.15,5.21,4.73,5.51,7.54,6.22,4.2,7.53,5.57,7.67,6.55,6.88,4.31,4.75,1.36,3.57,5.44,4.11,3.09,25.79,,,,,,,1.11,,
16_238_Gm,20160811,Stellwagon_Bank_B,2.53,7.03,2.29,5.94,5.29,4.59,5.34,7.41,6.46,4.14,7.3,5.12,7.04,5.69,6.19,3.76,4.25,1.26,3.37,4.98,3.87,3.03,24.92,,,,,,,1.09,,
16_239_Gm,20160811,Stellwagon_Bank_B,2.75,7.2,2.29,5.71,4.81,4.27,4.68,7.08,6.51,4.09,6.96,4.84,7.61,5.78,6.51,4.05,4.85,1.4,4.31,6.2,4.43,3,26.18,,,,,,,1.18,,
16_240_Gm,20160811,Stellwagon_Bank_B,3.21,7.88,2.67,4.95,4.83,4.63,4.77,6.71,6.07,3.8,6.61,4.44,7.28,5.92,6.39,4.57,4.76,1.34,3.59,5.78,4.25,2.83,25.65,,,,,,,1.15,,
16_241_Gm,20160811,Stellwagon_Bank_B,3.09,7.94,2.96,5.74,5.14,4.39,5.64,7.72,6.72,4.1,7.52,5.41,7.7,6.4,6.86,4.26,4.57,1.41,4.02,5.91,4.6,2.83,26.8,,,,,,,1.12,,
16_242_Gm,20160811,Stellwagon_Bank_B,2.82,7.37,2.21,5.39,5.43,5.21,4.56,6.56,5.52,4.09,6.78,4.8,6.73,5.34,6.05,3.68,4.1,1.3,2.96,5.13,3.53,2.8,24.06,,,,,,,1.05,,
16_243_Gm,20160811,Stellwagon_Bank_B,2.21,5.67,1.62,4.38,4.21,4.05,3.71,5.47,4.64,3.27,5.34,3.78,5.72,4.68,5.38,3.82,4.23,1.23,3.61,4.62,3.98,2.46,21.57,,,,,,,1.1,,
16_244_Gm,20160811,Stellwagon_Bank_B,2.38,6.23,1.97,5.99,4.42,3.72,5.37,8.05,7.22,4.12,7.1,5.19,7.69,6.48,6.96,5.46,5.62,1.4,4.67,5.9,5.28,2.98,27.59,,,,,,,1.09,,
16_245_Gm,20160811,Stellwagon_Bank_B,2.2,5.69,1.92,4.46,3.85,3.34,3.97,5.52,4.57,3.13,5.29,3.76,5.74,4.52,5.22,3.47,3.86,1.1,3.16,4.74,3.48,2.29,20.46,,,,,,,1.06,,
16_246_Gm,20160811,Stellwagon_Bank_B,2.23,6.59,2.19,5.53,5.06,4.57,5.27,6.97,5.85,3.57,6.52,4.68,7.57,5.8,6.36,4.96,5.35,1.43,4.25,5.94,4.76,3.11,26.05,,,,,,,1.1,,
16_247_Gm,20160811,Stellwagon_Bank_B,2.21,6.53,2.34,5.66,4.68,4.07,5.27,6.95,6.33,3.56,6.81,4.7,8.23,6.68,6.65,5.42,5.98,1.59,4.61,6.14,4.97,3.13,27.2,,,,,,,1.08,,
16_248_Gm,20160811,Stellwagon_Bank_B,1.93,5.44,1.27,4.22,5.07,5.28,3.99,5.31,4.22,2.88,5.46,4.22,5.77,4.44,5.46,3.88,4.17,1.25,3.37,4.69,3.89,2.55,20.68,,,,,,,1.06,,
16_249_Gm,20160811,Stellwagon_Bank_B,1.73,5.27,2.07,4.72,4.03,3.46,4.36,6.02,5.19,3.4,5.62,3.71,6.35,5.17,5.76,4.62,4.96,1.24,4,5.31,4.34,2.52,23.18,,,,,,,1.13,,